Religionen der Föderation in unserer Galaxie Milchstraße;Babylonische Tierkreiszeichen;Erklärung warum Religionen zu Tierkreiszeichen passen;Thomasevangelium;Größenordnung;Transzendentalien, -alien, Strukturalien;andere Sternpolygonreligionen;Messias;Liebe, Ethik, spätere Religionen, Sternpolygone;Altgriechische Namen der Formen der Liebe;Intrinsische emotionale Intention für Sternpolygone;Was man erhält;Was man evolutionär erwirbt;was man braucht und evolutionär erwirbt;was man noch brauchen kann;gegen Sternpolygone sein;gleichförmige Polygone, nicht-Sternpolygone;pro andere Sternpolygone sein;Intention von Transzendenz;Bedeutung Vielfacher von Primzahlen;Licht;Analoge Größenordnungen;Monde als praktische Anwendung von Sonnen und ihrer Theorie;Vertreter höherer Konzepte, deren Religionsgründer noch nicht erschienen;Krankheit;Paradigmenkategorien oder Konzeptkategorien der Zählungen;gegen Sternpolygone sein;Kreativitäts- und Intelligenz-Typ;weitere Formen der Liebe und Wertzuschreibungen;Anführer-Arten;Berufe;Lösungen;Evolutionstheorie;Musik;Jura;Vollkommenheit des Geistes;Sternpolygon;gleichförmiges Polygon;nach innen: gut, lieb, böse, schlecht;nach innen: gut, lieb, böse, schlecht;Gegenteile weise, metaweise,optimal, kooperativ, ehrlich, abstrakt;Gegenteil weise,metaweise,optimal, kooperativ, ehrlich, abstrakt;Extrinsische (ggf. rationale) Motive für gleichförmige Polygone;Inkrementieren Universum;Mondtyp Sternpolygon;W-Fragen der Zählungen;Alpha/Beta-Mann;evolutionäres Erlernen von Talenten;pro andere Sternpolygone sein;zeitlich, räumlich;Gegenteil von zeitlich, räumlich;;nach außen gut;nach außen böse;Erklärung Transzendentalie pro Strukturgröße;Informatiksicht;Mondtyp gleichförmiges Polygon;Angreifbarkeit Sternpolygon;Angreifbarkeit gleichförmiges Polygon;Glaube bzw. Erkenntnisweg zur Religion;Meinung anderer;Gegenteil Meinung anderer;Selbstgerecht;nicht Selbstgerecht
Magie;Jungfrau;Wenn man noch keinen Sex hatte, hat man es so bitter nötig, dass man nur noch lügt;Jesus sagte: Wer die Deutung dieser Worte findet, der wird den Tod nicht schmecken. ;Einzelperson;Identität;weiße und Schwarze, vielleicht Voodoo, vielleicht Wicca, Hexentum;-;?;-;Absicht;bestehen können;Nüchternheit;Willensstärke;Synästhesie;-;?;-;siehe unten;identisch sein, macht etwas einzigartig;inneres Licht;Zellbestandteile;-;kein höheres Konzept;?;Die Welt selbst;-;gespiegelt;?;kein Anführer;Individualist;zurück in Einsamkeit ziehen, weil man es will;?;jegliche Musik und unspezifische Musik;?;?;Punkt;Punkt;;;;;sollen;Überhaupt irgendetwas wollen, um gleich zu sein;?;Was ist die Welt : 4. eine Handlung;Omega;Selbstständigkeit;-;;;;weiße Magie;schwarze Magie;Für einen ist seine Identät wichtig.;Objekte identifizieren;;?;?;übernehmen;;;;
Diespiter (Jupiter 1.0);Löwe;Anführer;Jesus sagte: Wer suchet, soll nicht aufhören zu suchen, bis er findet, und wenn er findet, wird er verstört sein, und wenn er verstört ist, wird er staunen und wird über alles herrschen können. Und nachdem er über alles herrschte, wird er zur Ruhe kommen. ;Stadtstaat;Universalien;Zeus, Odin, Thor, Indra, Scientology, Jupiter 3.0 Religion 10, Ra (antikes Ägypten);-;?;-;Können;behaupten können;Triumph;gute Gene, Phänotyp;?;-;?;-;siehe unten;Gemeinsamkeiten  mit allen Lebewesen, befähigt etwas;äußeres Licht;Zelle;-;kein höheres Konzept;?;Die Welt selbst;-;Ideal;?;Anführer mit guten Genen;Stadtstaat Anführer;demütigende Gruppenvergewaltigung, weil man es will;?;Musik mit Körperkultur wie Techno;Antike Rechtsphilosophie;?;Linie;Linie;;;;;möglich;gleich zu sein, um zu existieren;sich selbst etwas vormachen;Was ist die Welt : 4. eine Handlung;Alpha, Sigma;Stärke aller abstrakten Arten, davon alle als konkrete Art;-;;;;Religion 10 d.h. Jupiter 3.0;Diespiter (=Jupiter 1.0), Scientology;Für eine Nation sind die Erbanlagen der Bürger wichtig.;Gemeinsamkeiten;seiner eigenen Strukturgröße (<SG>) etwas vormachen;?;?;überliefern;;;;
altes Testament;Krebs;die Religion der Nützlichkeit - Krebse haben nützliche Werkzeuge als Hände;Jesus sagte: Wenn eure Führer euch sagen: Sehet, das Königreich liegt im Himmel, so werden die Vögel des Himmels vorausgehen. Wenn sie euch sagen: es ist im Meer, so werden die Fische vorausgehen. Doch das Königreich ist in eurem Inneren und es ist außerhalb von euch. Wenn ihr euch selbst erkennt, dann werdet ihr erkannt, und ihr werdet wissen, dass ihr die Kinder des lebendigen Vaters seid. Aber wenn ihr euch nicht erkennt, dann werdet ihr in der Armut sein und seid die Armut.;12 Stämme;Existenzialien;?;-;?;-;Nutzen;verwenden können;Beharrlichkeit;Wissen;?;-;?;-;siehe unten;zum Überleben, nützen;nahes Licht;Mehrzeller;-;kein höheres Konzept;vielleicht Workaholic;Die Welt selbst;-;Naturgetreu;?;weiser Anführer;Handwerker, Wissensverwalter;Stalking, weil man es will;?;nützliche Musik wie Rock;?;?;Dreieck;Dreieck;;;;;benötigen;existieren, um etwas zu verändern;anderen etwas vormachen;Was ist die Welt : 4. eine Handlung;Sigma;Resistenz (d.h. Beständigkeit, nicht wirklich Rebellion) im weitest gehenden Sinn;-;;;;;altes Testament;Für 12 Stämme ist ihre Existenz wichtig.;konkretes Vorhandensein;anderen Strukturgrößen etwas vormachen;?;?;Furcht;;;;
Jupiter (Jupiter 2.0);Zwillinge;Das Zeichen der Zwillinge ähnelt der römischen 2 II;Jesus sagte: Der Mensch, alt an Tagen, wird nicht zögern ein kleines Kind von sieben Tagen nach dem Ort des Lebens zu fragen und er wird leben. Viele der Oberen werden die Letzten sein und sie werden alleine dastehen. ;Imperium;Veränderung;(Vielleicht: Zeus, Odin, Thor, Indra) Jupiter 3.0 Religion 10, Eckhart Tolle, Ra (antikes Ägypten);-;?;-;Erschaffen bzw. machen;Maß halten können;Besonnenheit (d.h. insbesondere Mäßigung);Entschiedenheit;?;-;?;-;siehe unten;keine Primzahl;allgegenwärtiges Licht;Organ;Machen ist die Anwendung von Absicht, Können, Nutzen;kein höheres Konzept;?;Die Welt selbst;-;kontinuierlich;?;Anführer der Maß hält;Imperator, Meister;irgend einen anderen nehmen, weil man es kann;?;?;Jupiter - Jus Pater - Gesetztes-Vater - Jupiter war einer der Könige von Rom;?;Quadrat;Quadrat;;;;;schaffen;verändern, um infrage zu kommen;niemanden etwas vormachen;Was ist die Welt : 4. eine Handlung;Sigma;Meister zu sein, im weitestgehenden Sinn;-;zeitlich;räumlich;;Eckhart Tolle, Religion 10 d.h. Jupiter 3.0;Jupiter (=Jupiter 2.0);Für ein Imperium ist wichtig, was aus ihm wird.;Abfolge;keinen Strukturgrößen etwas vormachen;?;?;aufschauen;;;;
Satanismus;Stier;Geltung anstreben, ist wie mit einem Horn wo dagegen rennen;Jesus sagte: Erkenne das, was vor dir ist, und das, was vor dir verborgen ist, dies wird dir enthüllt werden. Denn es gibt nichts Verborgenes, was nicht offenbar werden wird. Und es wird nicht länger vergraben sein, was nicht aufsteigen wird. ;Einzelperson;Ganzheit;Wicca;-;?;-;Selbstsucht;Geltung;Erhabenheit;Intelligenz;?;-;Jupiter 3.0 Religion 10;-;siehe unten;Unversehrtheit, etwas gilt;Nachttisch-Licht;Zellbestandteile;Ohne deine Geltung will niemand kooperieren oder strategisch anders werden;kein höheres Konzept;Psychopath, Antisoziale;Konzepte des Gestaltens der Welt;-;Axiome;?;kein Anführer;Lehrer, Professor, Videostar, Musikstar;Vergewaltigung, weil man es will;?;Mancher Hip Hop, mancher Death-Metal;?;Big five – 5 Persönlichkeiten in der Psychologie, 5 Charaktertypen in der Psychoanalyse und Tiefenpsychologie;Pentagramm;Pentagon;;;;;taugen;Infrage kommen für die Wertung;sich gegenseitig etwas vormachen;Wie ist die Welt: Sie soll Gerecht (8) und Geeint (9) sein;Alpha, Omega;Erhöhung der Berücksichtigung des Menschen;-;;;;Satanismus, Religion 10 d.h. Jupiter 3.0;Satanismus;Für einen ist seine Unversehrtheit wichtig.;Existenzquantor;seinen (<SG>) und anderen Strukturgrößen gegenseitig etwas vormachen;für ungültig erklären;schikanieren;nur an sich selbst glauben und nichts anderes;;;;
Judentum 2.0 (babylonischer Talmud);Widder;Juden als schwarze Schafe, Kampf mit Hörnern, wie Aug um Aug Zahn um Zahn;"Jesus Jünger fragten ihn und sagten zu ihm: Willst du, dass wir fasten? Wie sollen wir beten? Sollen wir Almosen geben? Welche Speisenordnung sollen wir einhalten? Jesus sagte: Lügt nicht und tut nicht das, was ihr hasst, weil alles ist im Angesicht des Himmels enthüllt; denn es gibt nichts Verborgenes, das nicht offenbar wird und es gibt nichts Verhülltes, das bleiben wird, ohne enthüllt zu werden. ";Nation / Gruppierung;Wert;Buddhismus, Hinduismus;-;Liebe zu einer Angelegenheit: Vorteile selbst, Gefühle selbst, Karma selbst;-;Vorteil;Reichtum;Selbstwert (jüdisch - basierend auf Materie zwischen Menschen) (buddhistisch - basierend auf  Emotionen zwischen Menschen) (Hinduismus - basierend auf Ethik zwischen Menschen);Weisheit;Empathie;-;Jupiter 3.0 Religion 10;-;siehe unten;keine Primzahl;Raumlicht;Zelle;-;kein höheres Konzept;Soziopath, Spielsüchtiger, Narzisst;Konzepte des Gestaltens der Welt;-;Abduktion;?;egoistischer Anführer;Manager, Banker, Richter, Soziologe, Volkswirt;berechnende Gruppenvergewaltigung, weil man kann;sexuelle Selektion;Buddhistische Länder: z.B. sexuelles Mitgefühl oder andere emotionale Werthaftigkeit, verwechselbar mit Liebe, jüdische Musik;Juden haben nicht selten den Beruf Richter (babylonischer Talmud);6 Formen der Liebe, 6 Dimensionen der Soziologie;Hexagramm;Hexagon;;;weise;idiotisch;einschätzen;Werte für die Optimierung;sich in eine missliche Lage versetzen;Wie ist die Welt: Sie soll Gerecht (8) und Geeint (9) sein;Alpha;Erhöhung des Wertes des Menschen;-;;;;Buddhismus, Hinduismus, Religion 10 d.h. Jupiter 3.0;Judentum;Für eine Nation ist der Wert deren Menschen wichtig.;Wertzuweisung;seine Strukturgröße (<SG>) in eine missliche Lage versetzen;Herabsetzung;Nicht-Anerkennung;übernehmen;;;;
Christentum 1.0;Fische;Fische riechen nach Sperma. Wenn Liebe selbstlos ist kann Sex okay werden, sonst nicht;Jesus sagte: Selig ist der Löwe, der den Mensch isst, damit der Löwe Mensch werden kann. Und närrisch ist der Mensch, den der Löwe frisst, denn der Löwe wird weiterhin Mensch werden. ;Supranationales Gebilde;das Gute;auch Religion 10, Jupiter 3.0;1. Wolf, Jesus 1.0;selbstlose Liebe, stärkste Liebe – von 6;Agape;Selbstlosigkeit;Macht;Würde;Metaweisheit;?;1;Zoroastrismus;-;siehe unten;Anführer, macht etwas gut;Laternenlicht;Mehrzeller;-;kein höheres Konzept;Cuckold;Konzepte des Gestaltens der Welt;7 ist gegen 1, weil die 7 die Hoheit über so etwas wie die 1 haben will und Personen der 1 bringen Personen der 7 aus dem Konzept.;Induktion;Nächstenliebe;guter Anführer;König, Präsident, Kanzler;Selbstmord, weil man es will, Vernichtung des Selbst ;sexuelle Selektion + Selektion über Brutpflege;Liebesballaden;?;7 Todsünden, 7 europäische Tugenden;Heptagramm;Heptagon;intrinsisch gut, Absicht, keine Modallogik;intrinsisch böse-rebellisch, Absicht, keine Modallogik;Meta-weise;Meta-idiotisch;vergüten;Werte der Optimierung für unsere Gesellschaft;sich nicht helfen können;Wie ist die Welt: Sie soll Gerecht (8) und Geeint (9) sein;Alpha, Omega;Führungsqualitäten;-;;;;Zoroastrismus, Religion 10 d.h. Jupiter 3.0;Christentum;Für die EU und den Papst ist wichtig, dass deren Länder gut regiert werden.;Fragestellung selbst und überhaupt nach Optimierungs-Gegenständen, nicht dessen Beantwortung;seiner Strukturgröße (<SG>) nicht helfen;Schuld;?;glauben;;;;
Islam;Wassermann;Männerdominierte Fortpflanzung, kodiertes Wort Wasser;Jesus sagte: Der Mensch gleicht einem weisen Fischer, der sein Netz ins Meer warf und er zog es aus dem Meer voller kleiner Fische. Unter ihnen fand er einen großen, schönen Fisch. Der weise Fischer wirft alle kleinen Fische ins Meer und wählt den großen Fisch ohne Anstrengung. Wer zwei gute Ohren hat, um zu hören, sollte besser zuhören! ;Militärbündnis;das Sein;möglicherweise Religion 11;-;besitzergreifende Liebe, zweitstärkste Liebe – von 6;Mania;Selbstgerechtigkeit;Kontrolle;Ehre;Strategie;?;2;Taoismus, Konfuzianismus, Shinto;-;siehe unten;keine Primzahl;Ampellicht;Organ;Strategie ist Anwendung der Weisheit (6);kein höheres Konzept;Zwangsneurotiker;Konzepte des Gestaltens der Welt;8 ist gegen die 2, weil das Gesetz der besitzergreifenden Liebe für jeden herrschen soll und das in Konflikt damit gerät, dass die Fähigen in der Fortpflanzung den Ton angeben. Der Selbstgerechte beneidet ggf. den, der sich einfach so sowieso fortpflanzen kann. Ist ist über dieses Konzept erbost.;Deduktion;Bruderschaft;böser Anführer;Kriegsherr, Admiral, General, Pfandleihausbetreiber;Mord, weil man nicht anders kann (4 - machen);Selektion über Brutpflege;islamische Heulmusik wo man in Liebe ausgeliefert ist;Selbstgerechtigkeit;?;Oktagramm;Oktagon;;;;;beurteilen;Unsere Gesellschaft für die Welt;?;Wie ist die Welt: Sie soll Gerecht (8) und Geeint (9) sein;Alpha, Beta;Führungsstärke;-;;;;Toaismus, Konfuzianismus, Shinto;Islam;Für die Nato ist das ganze Sein relevant.;Welt, System;;Ehrverletzung;Scham;unterordnen;;;selbstgerecht sein wollen;nicht selbstgerecht sein wollen
Bahai;Steinbock;Steinböcke lecken Salz: Bahai die Religion der sexuellen Liebe;"Jesus sagte: Siehe, da ging ein Säher hinaus, nahm eine Handvoll Samen und warf sie aus. Ein Teil davon fiel auf den Weg; die Vögel kamen, um sie aufzusammeln. Andere fielen auf den Felsen und schlugen keine Wurzeln in der Erde und brachten auch keine Ähren hervor. Und andere fielen auf die Dornen, sie erstickten die Saat und Würmer fraßen sie. Und wieder andere fielen auf die gute Erde und ergaben eine gute Frucht. Sie brachte sechzig und hundertzwanzig des Maßes. ";UN;Einheit;möglicherweise Religion 11;-;sexuelle Liebe, drittstärkste Liebe – von 6;Eros;Zweck;Vereinigung;Bahai     (Anmut - zusammen mit der 5 (hauptsächlich Bahai))     (wahrscheinlich  respektvoll sein - zusammen mit der 6)     (Liebreiz + Gutmütigkeit - zusammen mit der 7)    (Bluffen können - nicht Bahai, sondern nur die 9);Kooperation;?;3;Bahai auch als gleichförmiges Polygon;-;siehe unten;keine Primzahl;Stadtlicht;Organe;Kooperation ist Anwendung der Metaweisheit (7);kein höheres Konzept;?;Konzepte des Gestaltens der Welt;9 ist gegen die 3, weil sich niemand über den Nutzen übervorteilen sollte;Implikation;Sympathie;Anführer, der dir gibt, was du willst, sei es gut oder nicht;UN Anführer;häufige Partnerwechsel, weil es nutzt;?;sympathische Musik;?;?;Nonagramm;Nonagon;;;kooperativ;unkooperativ;das Mittel: d.h. bzw.: formen;Unsere Welt für richtigen Zustand;?;Wie ist die Welt: Sie soll Gerecht (8) und Geeint (9) sein;Sigma;Talent Sachen zwischen Menschen zu regeln;-;;;;Bahai;;Für die UN ist Einheit wichtig.;Allquantor;;?;?;erkennen;;;;
Jupiter 3.0, Religion 10;Schütze;Chimäre halb Pferd halb Mensch, gemeint ist halb Mensch (10), halb Hund (7), Pfeil und Bogen bedeutet, macht verliebt, schießt ins Herz;Jesus sagte:  Ich habe ein Feuer über die Welt gegossen, und seht, ich wache darüber, bis es lodert. ;Planetenerhaltungs-Regierung;Wahrheit;?;2. Hund, Jupiter 3.0;freundschaftliche Liebe, viertstärkste Liebe – von 6;Philia;Bedeutung;Bedeutung;Integrität;Rückrat;Sonnen-Transzendenz;4;vielleicht Elon Musk;-;Optimierungs-Egoismus;keine Primzahl;Sonnenlicht;ganzes Lebewesen;-;gab es mehrfach;?;Transzendenz empfangen;10 ist gegen die 4, weil Freundschaft nicht dazu führen solle, dass Kinder deiner Frau, die deiner Freunde sind.;Korrekt;Selbstliebe;Anführer der nur nach richtig und falsch urteilt;Sonnen-System-Himmelskörper-Regierer, Mathematiker, Informatiker, Techniker, Naturwissenschaftler;noch andere Freunde dazu nehmen, weil man es kann;?;Trance-Musik;Logik und künstliche Intelligenz können Gesetze formalisieren und Urteile fällen;?;Dekagramm;Dekagon;;;Optimal + ehrlich;unoptimal + unehrlich;definieren;richtiger Zustand für alles anderes was noch möglich ist;dem übergreifenden System etwas vormachen;Wie ist die Welt: Sie soll Gerecht (8) und Geeint (9) sein;Sigma;Verbesserungs-Talent;-;;;;;Religion 10 d.h. Jupiter 3.0;Für einen Himmelskörper um die Sonne (Planet, Mond, Sternenbasis) ist Wahrheit wichtig.;Wahrheit;dem übergreifenden System seiner Strukturgröße (<SG>) etwas vormachen;Unfreundlichkeit;?;verstehen;Es zählt nur das was wirklich stimmt;Es zählt, was offiziell stimmt;;
?;Skorpion;Skorpion, weil wenn ein Mädchen mit dem Herz eines Jungen spielt, ist das wie das Stechen eines Skorpiones von hinten nach vorn in das Herz;Jesus sagte: Dieser Himmel wird vergehen. Und derjenige, der darüber ist, wird vergehen. Die Toten sind nicht lebendig, und die Lebendigen werden nicht sterben. Während der Tage, in denen ihr das esst, was tot ist, belebt ihr es wieder. Wenn ihr mal im Licht sein werdet, was werdet ihr tun? An dem Tag, an dem ihr Eins geworden seid, werdet ihr zwei sein. Aber wenn ihr zwei geworden seid, was werdet ihr tun? ;Chef eines Mondes, mehrere Monde;Andersheit;?;-;Sexuell-spielerische Liebe, fünftstärkste Liebe – von 6;Ludus;spielerisch leugnend erfassen;?;?;?;Mond-Transzendenz;5;existiert bisher nicht;-;Optimierungs-Selbstlosigkeit;Sherlock (Englisch passt hier besser), leugnet;Mondlicht;ganzes Lebewesen;-;gab es mehrfach;?;Transzendenz empfangen;11 ist gegen 5, weil die 11 spielen will und die 5 sich hervor tut;?;?;?;Mondregierer, Sherlock (Englisches Wort passt hier besser);sich der Gefahr bewusst aussetzen als Absicht;?;?;?;?;Hendegramm;Hendegon;;;;;zu unterscheiden (tun);alles andere was noch möglich ist für ein Gesamtsystem;?;Wofür ist die Welt: zum Genügen (16);Sigma;Problem-Erfassungs-Talent;-;;;;;;?;Unterscheidung;;?;?;erfassen;;;;
Jesus 2.0, Christentum 1.x;Waage;Waage wegen dem Konzept der Ordnung, Sachlichkeit und Substanz;Jesus sagte: Die Jünger sagten zu Jesus: Wir wissen, dass du uns verlassen wirst. Wer wird dann unser Führer sein? Jesus sagte zu ihnen: Da, wo ihr hingegangen sein werdet, werdet ihr zu Jakobus den Gerechten gehen, für den Himmel und Erde gemacht worden sind. ;Chef eines Planeten, mehrere Planeten;Wesen;?;3. Fuchs, Jesus 2.0;vernunftbasierte Liebe, schwächste Liebe – von 6;Pragma;sich sortieren;Zugesprochen bekommen von Substanz;?;?;Planeten-Transzendenz;6;existiert bisher nicht;-;Optimierungs-Kooperation;keine Primzahl;Planetenlicht;ganzes Lebewesen;-;gab es mehrfach;?;Transzendenz empfangen;12 ist gegen 6, weil die 6 eine Extrawurst spielen will, wenn die 12 alles verwalten will;Daten-Abstraktion;?;Anführer, der verwaltet;Planetenregierer;geordneter Rückzug, weil man muss (4) und weil es nutzt (3);?;?;?;?;Dodegramm;Dodegon;;;abstrakt;nicht abstrakt;Beschaffenheit;ein Gesamtsystem um einzelnes umzukehren;?;Wofür ist die Welt: zum Genügen (16);Alpha;Verwaltungstalent;-;;;;;;?;Hauptmuster, abgegrenzt vom Detail;;?;?;sortieren;aufs Wesentliche konzentrieren;aufs Eigentliche Konzentrieren;;
?;Äskulapstab (nicht babylonisch);Penis neben Penis, sogar da wird geholfen, trotzdem nicht Schwul, Ärzte helfen sogar, obwohl sie nicht schwul sind;Jesus sagte zu seinen Jüngern: Vergleicht mich mit irgendwas und sagt mir, wem ich gleiche. Simon Petrus sagte zu ihm: Du gleichst einem gerechten Botschafter. Matthäus sagte zu ihm: Du gleichst einem weisen Philosophen. Thomas sagte zu ihm: Meister, mein Mund ist nicht imstande zu sagen, wem du gleichst. Jesus sagte: Ich bin nicht dein Lehrer, nur weil du dich an der sprudelnden Quelle berauscht hast, die ich hervorströmen ließ. Und er zog ihn zu sich und sagte ihm drei Sprichwörter. Als Thomas zu seinen Gefährten zurückgekehrt war, fragten sie ihn: Was hat dir Jesus gesagt? Thomas sagte zu ihnen: Wenn ich euch einen dieser Sprüche sage, die er mir gesagt hat, werdet ihr Steine aufnehmen und mich steinigen, und ein Feuer wird aus den Steinen hervorkommen und euch verbrennen. ;Verwaltungsgebiet eines schwarzen Loches;Negation, unäre Operation;?;-;die Liebe zum Helfen, vergleichende Ethik;-;Echtes Helfen;?;?;?;schwarze-Sonne-Transzendenz;7;existiert bisher nicht;-;Optimierungs-Korrektur;Volunteer (Englisch passt hier besser), hilft;Schwarzes Loch: Licht absaugen;ganzes Lebewesen;-;Hitler;Borderline;Transzendenz empfangen;13 ist gegen 7, weil manchmal gut zu sein nicht das richtige ist. Manchmal muss man schädigen.;?;?;Anführer, der nur entscheidet, ob es besser weiter geht oder gar nicht;Himmelskörper-um-schwarzes-Loch-Regierer, Volunteer (Englisches Wort passt hier besser);systematische Vernichtung, weil man es will;?;?;?;?;Tristaidegramm;Tristaidegon;extrinsisch schlecht-schädlich, Absicht, keine Modalllogik;Zweifach extrinsisch lieb, Absicht, (d.h. um 2 Ecken extrinsisch), keine Modallogik;;;dementieren;einzelnes umzukehren, um dann alles ungleiche kombinieren zu können und so ein höher-wertiges Gesamtsystem zu haben;?;Wofür ist die Welt: zum Genügen (16);Alpha;Talent sich einzuleben;-;;;;;;?;unäre (Operation): Negation, Komplement, Vorzeichenwechsel, Komplementärmenge;;?;?;?;;;;
Christentum 2.0, Jupiter 4.0;existiert nicht;existiert nicht;"Jesus sagte zu ihnen: Wenn ihr fastet, werdet ihr euch eine Sünde auferlegen. Wenn ihr betet, werdet ihr verdammt werden! Und wenn ihr Almosen gebt, werdet ihr eurem Geist nichts Gutes tun. Sobald ihr aufs Land geht und dort umherwandert, und wenn man euch einlässt, dann esst, was auch vorgesetzt und heilt jene unter ihnen, die krank sind. Denn das, was in euren Mund hinein geht, wird euch nicht schaden; aber das, was euren Mund verlässt, das ist es, was euch schadet. ";Spezies Mensch im galaktischer Föderation;Kombination;?;4. Haustier-Fuchs, Jupiter 4.0;Liebe am Lösen echter Probleme, notwendige Ethik;-;Echte Probleme lösen;?;?;?;Galaxie-Transzendenz;8;existiert bisher nicht;-;Optimierungs-Zusammenspiel;keine Primzahl;Galaxielicht;andere Lebensformen;-;Jupiter 3.0, Thomas vom Thomas-Evangelium, der Babylonier von den Tierkreiszeichen;?;Transzendenz empfangen;14 ist gegen 8, weil 8 gerne eine Extrawurst sein will;Steuerungs-Abstraktion;?;Anführer, der nur Probleme lösen will;Regierer in galaktischer Förderation;andere Berücksichtigen und sich nicht, weil man es kann (2) und aus Gutartigkeit (7), so genannter Ego-Tod, Selbstauflösung des Ichs, Vernichtung des Ichs ;?;?;?;?;Tetraidegramm;Tetraidegon;gut sein können, Modallogik: Möglichkeit (◇)  gut sein können;Böse-rebellisch sein können, d.h. eigentlich: Modallogik: keine Notwendigkeit (¬◻) gut sein zu brauchen;;;zusammenfassen;Das höherwertige Gesamtsystem, um des in allen Ebenen zu durchdringen;?;Wofür ist die Welt: zum Genügen (16);Sigma, Omega;Zuständigkeitsfähigkeit;-;;;;;;?;Kombination = die prinzipielle und totale Möglichkeit selbst und überhaupt Fragestellungen nach Optimierungs-Gegenständen zu beantworten;;?;?;?;Wohlwollen;Abscheu;;
?;existiert nicht;existiert nicht;Jesus sagte: Wenn ihr den seht, der nicht von einer Frau geboren wurde, werft euch mit dem Gesicht auf die Erde und betet ihn an, denn das ist euer Vater. ;Spezies Mensch in intergalaktischen Bündnissen;Reflexivität;?;?;die Liebe dazu, dem größtem Ganzen etwas beizutragen (zu allen im Universum), prinzipielle Ethik;-;Maximal globalen, nachhaltigen Nutzen generieren;akzeptiert werden;?;?;Universum-Transzendenz;9;existiert bisher nicht;1;Optimierungs-Rückkopplung;keine Primzahl;Universumlicht;andere Lebensformen;-;Jupiter 3.0;?;Transzendenz empfangen;15 ist gegen 9, weil die 9 andere täuscht, weil sie es nicht beherrscht das zu bewirken was sie will und die 15 den nachhaltigen Nutzen etablieren will;?;?;Anführer, der nur einen nachhaltigen Nutzen generieren will von der größe des Universums;Regierer in intergalaktischer Föderation;Man stellt die Welt infrage, weil man es kann und weil die Infragestellung gültig ist.;?;?;?;?;Pentadegramm;Pentadegon;;;;;Festlegung;Die Durchdringung von allem, um alle Beispielsysteme durchspielen zu können;?;Wofür ist die Welt: zum Genügen (16);Sigma, Alpha;Verantwortungsfähigkeit;Die 15 ist für die 1, weil die 15 aus ihrem Selbstrespekt heraus andere Menschen verachtet, die sich leicht manipulieren lassen;;;;;;?;Reflexivität;;?;?;?;unvoreingenommen und später verachtend;respektierende Grundhaltung;;
?;existiert nicht;existiert nicht;Jesus sagte: Vielleicht denken die Menschen, dass ich gekommen bin, um Frieden auf der Welt zu verbreiten. Sie wissen nicht, dass ich gekommen bin, Konflikte über die Erde zu bringen: Feuer, Schwert und Krieg. Denn es werden fünf sein, die in einem Haus sind: drei werden gegen zwei und zwei werden gegen drei sein, der Vater gegen den Sohn, der Sohn gegen den Vater, und sie werden allein dastehen. ;Multiversum;Klasse der Entscheidbarkeitsprobleme aus der theoretischen Informatik;?;?;Liebe zur Angelegenheit allgemein genug für alle zu sein, evolutionäre Ethik;-;Anforderungen genügen, überhaupt und allgemein;?;?;?;Immanenz;10;existiert bisher nicht;2;Optimierungs-Inspiration;keine Primzahl;Multiversumlicht;unmögliche Lebensformen;die Anwendung vom Züchten (10-15) ist es für das Multiversum (16) als Universum zu genügen;Wahrscheinlich Religionsgründer von Religion 11;?;Transzendenz empfangen;16 ist gegen 10, weil man mit dem Verstand erkennen würde, dass eine Person der 16 nicht gut genug ist. Deswegen bekämpfen Menschen vom Typ 16 erbittert Menschen von Typ 10.;?;?;?;Zuständiger damit das Universum gut genug für das Multiversum ist;Man findet sich damit ab, die Selbstachtung zu verlieren, weil es zutreffend ist (es gilt [5]).;?;?;?;?;Hexadegramm;Hexadegon;;;;;alle und du sind okay;alle Beispielsysteme durchspielen können, um zu wissen wen man nicht mag;?;Wofür ist die Welt: zum Genügen (16);Alpha;Fähigkeit von anderen angenommen und akzeptiert zu werden;Die 16 ist für die 2, weil die evolutionäre Ethik der 2, für die Menschen ist, die sich fähig sind und sich fortpflanzen können;zeitlich;räumlich;;;;?;Klasse der Entscheidbarkeitsprobleme (d.h. Berechenbarkeit, Halteproblem, Abzählbarkeit, semientscheidbar [d.h. rekursiv abzählbar]);;nicht zu genügen;?;?;Die Meinungen anderer Menschen als oberstes Gebot sehen;Auf die Meinung anderer scheißen;selbstgerecht sein können, selbstgenügsam sein wollen;nicht selbstgerecht sein können, selbstgenügsam sein wollen
?;existiert nicht;existiert nicht;Jesus sagte: Ich werde euch geben, was kein Auge jemals gesehen und kein Ohr jemals gehört und was keine Hand jemals berührt hat und was nicht zum Herzen des Menschen aufgestiegen ist. ;Vielleicht: Einzelperson ;?;nicht in den nächsten wenigen Jahrtausenden;?;Abneigung;-;?;?;?;?;Transzendenz-Senden-Fähigkeit;11;existiert bisher nicht;3;siehe oben;Sittenwächter, nicht erkennen;störendes Licht;?;-;Jupiter 3.0;?;Transzendenz senden;17 ist gegen 11, weil 17 abgeneigt ist gegen Spielchen;?;?;?;?;Boykott, weil man es will;?;?;?;?;Heptadegramm;Heptadegon;;;;;?;wen man nicht mag, um zu wissen wen man mag;?;Wodurch ist die Welt: durch dein Freundeskreis (25);Omega;?;Die 17 ist für die 3, weil Menschen, die etwas zur Fortpflanzung nutzen, geben sich Mühe, und das ist Grund genug nicht abgeneigt zu sein;;;;;;?;vielleicht irgendwelche klassische KI-Sach-unter-Themen, wie Folgern, Vollständigkeit, Unifkation, usw.?;;?;?;?;Unbehaglichkeit;Behaglichkeit;;
Jesus 3.0 oder 4.0;existiert nicht;existiert nicht;Die Jünger sagten zu Jesus: Sage uns, wie unser Ende sein wird. Jesus antwortete: Wenn ihr den Anfang entdeckt habt, warum sucht ihr dann schon wieder das Ende? Denn da, wo der Anfang ist, wird auch das Ende sein. Beglückwünscht denjenigen, der sich zu Beginn an den Anfang halten wird, und wird er das Ende erkennen, so wird er den Tod nicht schmecken. ;Vielleicht: Gruppe oder Nation;?;nicht in den nächsten wenigen Jahrtausenden;?. Jesus 3.0 oder 4.0;Zuneigung;-;?;?;?;?;Transzendenz-Senden-Fähigkeit;12;existiert bisher nicht;4;siehe oben;keine Primzahl;?;?;-;?;?;Transzendenz senden;?;?;?;?;?;?;?;?;?;?;Oktadegramm;Oktadegon;;;kooperativ sein können;nicht kooperativ sein können;?;wissen wen man mag, um sein Gehirn zu verändern;?;Wodurch ist die Welt: durch dein Freundeskreis (25);?;?;Die 18 ist für die 4, weil Menschen, die Zuneigung haben mit Menschen Kinder machen (4) wollen;;;;;;?;vielleicht irgendwelche klassische KI-Sach-unter-Themen, wie Folgern, Vollständigkeit, Unifkation, usw.?;;?;?;?;;;;
Bahai 2.0;existiert nicht;existiert nicht;Jesus sagte: Beglückwünscht denjenigen, der zu jenem geworden ist, der er war, bevor er wurde. Wenn ihr meine Jünger werdet und dann auf meine Worte hört, werden diese Steine dort euch dienen. Denn es existieren fünf Bäume im Paradies für euch, die sich niemals verändern, weder im Sommer noch im Winter, und deren Blätter nicht fallen. Derjenige, der diese Bäume kennt, wird den Tod nicht schmecken. ;Vielleicht: Himmelskörper;?;nicht in den nächsten wenigen Jahrtausenden;?;Fan sein: Kinder bekommen wollen von dem / den Besten in der ganzen Welt.;-;?;?;?;?;Transzendenz-Senden-Fähigkeit;13;existiert bisher nicht;5;siehe oben;Motivationsgeber, Religion wirkt nicht;?;?;-;?;?;Transzendenz senden;?;?;?;?;?;?;?;?;?;?;Nonadegramm;Nonadegon;;;;;?;Gehirn verändern, um zu beschützen;?;Wodurch ist die Welt: durch dein Freundeskreis (25);?;?;Die 19 ist für die 5, weil die 19 Fans sind und Stars aus Film und Fernsehen oft zur 5 gehören.;;;;;;?;vielleicht irgendwelche klassische KI-Sach-unter-Themen, wie Folgern, Vollständigkeit, Unifkation, usw.?;;?;?;?;;;;
?;existiert nicht;existiert nicht;Die Jünger sagten zu Jesus: Sage uns, was mit dem Himmelreich zu vergleichen ist. Er sagte zu ihnen: Es ist wie ein Senfkorn, dem kleinsten unter allen Samen, aber wenn es auf beackerten Boden fällt, kommt aus ihm ein großer Zweig hervor, der ein Schutz für die Vögel des ganzen Himmels wird. ;?;?;nicht in den nächsten wenigen Jahrtausenden;?;Familienliebe oder Familienrespekt oder beides und mehr, nicht zu Einzelpersonen;-;?;?;?;?;Transzendenz-Senden-Fähigkeit;14;existiert bisher nicht;6;siehe oben;keine Primzahl;?;?;-;?;?;Transzendenz senden;?;?;?;?;?;?;?;?;?;?;Ikodegramm;Ikodegon;;;ehrlich sein können;nicht ehrlich sein können;?;beschützen, damit man sich gegenseitig verstehen kann;?;Wodurch ist die Welt: durch dein Freundeskreis (25);?;?;Die 20 ist für die 6, weil die Familie sich an Werten orientiert, wie dass die Kinder diese anstreben sollen, also z.B. Geld verdienen als Beispiel eines materiellen Wertes;;;;;;?;vielleicht irgendwelche klassische KI-Sach-unter-Themen, wie Folgern, Vollständigkeit, Unifkation, usw.?;;?;?;?;;;;
?;existiert nicht;existiert nicht;Maria Magdalena befragte Jesus: Wie sind deine Jünger? Er sagte: Sie sind wie kleine Kinder, die sich auf einem Feld niedergelassen haben, das ihnen nicht gehört. Wenn die Besitzer des Feldes kommen, werden sie sagen: Gebt uns unser Feld zurück. Sie werden ihre Kleider vor ihnen ablegen, nur damit es ihnen überlassen wird und ihnen ihr Feld geben. Darum sage ich: Wenn der Besitzer des Hauses weiß, dass der Dieb kommen wird, wird er wachen, bis er kommt. Er wird ihn nicht eindringen lassen, um seine Dinge mitzunehmen. Ihr aber, seid wachsam gegenüber der ganzen Welt. Bereitet euch mit größter Stärke vor, damit die Diebe keinen Weg zu euch finden können, denn der Ärger, den ihr erwartet, der wird auch kommen. Wäre doch unter euch nur ein weiser Mann, der versteht! Als die Ähre gereift war, kam er mit seiner Sichel in der Hand schnell herbeigeeilt und hat sie gemäht. Jeder, der zwei gute Ohren besitzt, sollte besser zuhören. ;?;?;nicht in den nächsten wenigen Jahrtausenden;?;Über-ich-losigkeit, Sinnlichkeit, Hingabe;-;?;?;?;?;Transzendenz-Senden-Fähigkeit;15;existiert bisher nicht;7;siehe oben;keine Primzahl;?;?;-;?;?;Transzendenz senden;?;?;?;?;?;?;?;?;?;?;...-gramm;...-gon;Das hier nutzt (3) dem Guten, Modallogik mit 3 Sachen anstelle von 2: Möglichkeit, Notwendigkeit;was man nicht benötigt und was sich nicht eignet, um gut zu sein, d.h. ggf. böse sein, Modallogik mit 3 Sachen anstelle von 2: Möglichkeit, Notwendigkeit;;;?;gegenseitig verstehen können, um alle ein Gesamtbild als Muster sozusagen zu erhalten;?;Wodurch ist die Welt: durch dein Freundeskreis (25);?;?;Die 21 ist für die 7, weil Sinnlichkeit und Hingabe ohne das freudsche Überich das dem Guten nützt (3*7) und nützlich für das Gute (7*3) ist und die 7 das Gute selbst ist.;;;;;;?;vielleicht irgendwelche klassische KI-Sach-unter-Themen, wie Folgern, Vollständigkeit, Unifkation, usw.?;;?;?;?;;;;
?;existiert nicht;existiert nicht;Jesus sah Säuglinge, die gesäugt wurden. Er sagte zu seinen Jüngern: Diese Kleinen, die gesäugt werden, sind wie jene, die ins Königreich eingehen. Sie sagten zu ihm: Wir sollen also als Kinder in das Königreich eingehen? Jesus sagte zu ihnen: Wenn ihr aus zwei eines macht und wenn ihr das Innere zum Äußeren macht und das Äußere wie das Innere, das Obere zum Unteren, das Männliche und das Weibliche vereint, so dass das Männliche nicht mehr männlich und das Weibliche nicht mehr weiblich ist, ihr euer beider Augen zu einem macht, eine Hand anstelle einer Hand und einen Fuß anstelle eines Fußes, ein Bild anstelle eines Bildes, dann werdet ihr in das Königreich eingehen. ;Vielleicht: Sonnensystem;?;nicht in den nächsten wenigen Jahrtausenden;?;vollständig erfassen können, tiefe Verbundenheit;-;?;?;?;?;Transzendenz-Senden-Fähigkeit;16;existiert bisher nicht;8;siehe oben;keine Primzahl;?;?;-;?;?;Transzendenz senden;?;?;?;?;?;?;?;?;?;?;...-gramm;...-gon;;;;;?;Ein Gesamtbild haben, damit er für dich autonom agieren kann;?;Wodurch ist die Welt: durch dein Freundeskreis (25);?;?;Die 22 ist für die 8, weil die 8 die besitzergreifende Liebe ist und die 22 eine tiefe Verbundenheit will, und man durch das Ergreifen des Besitzes eines anderen Menschen mit diesem tiefer verbunden ist.;;;;;;?;vielleicht irgendwelche klassische KI-Sach-unter-Themen, wie Folgern, Vollständigkeit, Unifkation, usw.?;;?;?;?;;;;
?;existiert nicht;existiert nicht;Jesus sagte: Ich soll euch auswählen, einen unter tausend und zwei unter zehntausend, und sie werden für sich alleine stehen. ;Vielleicht: Spezies;?;nicht in den nächsten wenigen Jahrtausenden;?;keine Absicht mehr brauchen, um Kinder zu bekommen, offenes Herz haben;-;?;?;?;?;Transzendenz-Senden-Fähigkeit;17;existiert bisher nicht;9;siehe oben;Auskunft bekommen;?;?;-;?;?;Transzendenz senden;?;?;?;?;?;?;?;?;?;?;...-gramm;...-gon;;;;;?;Er ist autonom, damit beide etwas dazu lernen können und du ihn delegieren kannst;?;Wodurch ist die Welt: durch dein Freundeskreis (25);?;?;Die 23 ist für die 9, weil Menschen mit erotischer Liebe ein offenes Herz haben.;;;;;;?;vielleicht irgendwelche klassische KI-Sach-unter-Themen, wie Folgern, Vollständigkeit, Unifkation, usw.?;;?;?;?;;;;
?;existiert nicht;existiert nicht;"
Seine Jünger sagten: Zeige uns den Ort, wo du bist, damit wir dich finden können. Er sagte zu ihnen: Jeder der hier zwei gute Ohren besitzt, der möge hören: Es ist Licht im Inneren des Menschen Lichts, das auf der ganzen Welt leuchtet. Wenn es nicht scheint, das ist Dunkelheit.";Vielleicht: Galaxie (Bündnis);?;nicht in den nächsten wenigen Jahrtausenden;?;gegenseitiges Verständnis, gegenseitig innig sein;-;?;?;?;?;Transzendenz-Senden-Fähigkeit;18;existiert bisher nicht;10;siehe oben;keine Primzahl;?;?;-;?;?;Transzendenz senden;?;?;?;?;?;?;?;?;?;?;...-gramm;...-gon;;;;;?;Du hast ihn delegiert, wegen einem großen Kreis von Verbündeten;?;Wodurch ist die Welt: durch dein Freundeskreis (25);?;?;Die 24 ist für die 10, weil Freunde sich mehr als alle anderen die Wahrheit sagen.;;;;;;?;vielleicht irgendwelche klassische KI-Sach-unter-Themen, wie Folgern, Vollständigkeit, Unifkation, usw.?;;?;?;?;;;;
?;existiert nicht;existiert nicht;"Jesus sagte: Liebe deine Freunde wie deine eigene Seele; wache über sie, schütze sie wie deine Augen. ";Vielleicht: Universum (Bündnis);?;nicht in den nächsten wenigen Jahrtausenden;?;Freundeskreisliebe, statt einfach nur Freundschaftsliebe;-;Freundeskreisliebe;?;?;?;Transzendenz-Senden-und-Empfangen-Fähigkeit;19;existiert bisher nicht;11;siehe oben;keine Primzahl;?;?;-;?;?;Transzendenz senden;?;?;?;?;?;?;?;?;?;?;...-gramm;...-gon;;;;;?;?;?;Wodurch ist die Welt: durch dein Freundeskreis (25);?;?;Die 25 ist für die 11, weil Mädchen, die mit den Gefühlen der Freunde spielen, die Freunde von ihr abhängig machen (Angelika [11], Marko [12], Ich [10]);;;;;;?;vielleicht irgendwelche klassische KI-Sach-unter-Themen, wie Folgern, Vollständigkeit, Unifkation, usw.?;;?;?;?;;;;
?;existiert nicht;existiert nicht;Jesus sagte: Du erkennst den Splitter im Auge deines Freundes, aber den Balken in deinem eigenem Auge siehst du nicht. Wenn du den Balken aus deinem Auge gezogen hast, dann wirst du deutlich sehen, wie du Splitter aus deines Freundes Auge ziehen kannst. ;?;?;nicht in den nächsten wenigen Jahrtausenden;?;Gemeinsam kann man die Optimierung dann wirklich umkehren, was man allein mit der 13 nicht hinbekommen konnte, bzw. man konnte das mglw. nur für das Heptagramm. D.h. das hier ist eine Peer to Peer Verbindung, wie man das in der Netzwerksprache sagt.;-;?;?;?;?;Transzendenz-Senden-und-Empfangen-Fähigkeit;20;existiert bisher nicht;12;siehe oben;keine Primzahl;?;?;-;?;?;Peer to Peer Transzendenz;?;?;?;?;?;?;?;?;?;?;...-gramm;...-gon;schlecht sein können, Modallogik: Möglichkeit (◇);lieb sein können, d.h. eigentlich Modallogik: keine Notwendigkeit (¬◻) schlecht sein zu brauchen;;;?;?;?;?;?;?;?;;;;;;?;?;;?;?;?;;;;
?;existiert nicht;existiert nicht;Jesus sagte: Wenn ihr euch nicht der Welt entzieht, werdet ihr niemals das Königreich finden. Wenn ihr den Sabbat nicht feiert wie den Sabbat, werdet ihr den (wahren) Vater nicht sehen. ;?;?;nicht in den nächsten wenigen Jahrtausenden;?;Gemeinsam kann man die Optimierung dann wirklich umkehren, was man allein mit der 13 nicht hinbekommen konnte, bzw. man konnte das mglw. nur für das Heptagramm. D.h. das hier ist eine Peer to Peer Verbindung, wie man das in der Netzwerksprache sagt.;-;Loslösung;?;?;?;Transzendenz-Anordnungs-Fähigkeit;21;existiert bisher nicht;13;siehe oben;keine Primzahl;?;?;-;?;?;Peer to Peer Transzendenz;?;?;?;?;?;?;?;?;?;?;...-gramm;...-gon;;;das hier nutzen, um kooperativ zu sein;das hier nicht nutzen, um kooperativ zu sein;?;?;?;?;?;?;?;;;;;;?;?;;?;?;?;;;;
?;existiert nicht;existiert nicht;Jesus sagte: Ich habe meine Position in der Mitte der Welt eingenommen und erschien ihnen in Fleisch und Blut. Ich habe sie alle betrunken vorgefunden und niemand unter ihnen war länger durstig. Meine Seele war betrübt, der Menschenkinder wegen, denn sie sind blind in ihrem Herzen und sie erkennen nicht, dass sie leer in die Welt gekommen sind und versuchen, die Welt auch wieder leer zu verlassen. Doch nun sind sie betrunken. Wenn sie ihren Wein abschütteln, so werden sie ihre Richtung ändern. ;?;?;nicht in den nächsten wenigen Jahrtausenden;?;Menschen zu Anführern machen.;-;?;?;?;?;Transzendenz-Anordnungs-Fähigkeit;22;existiert bisher nicht;14;siehe oben;keine Primzahl;?;?;-;?;?;Transzendenz Netzwerk-Topologien;?;?;?;?;?;?;?;?;?;?;...-gramm;...-gon;gut machen;1. schafft nicht das Gute, 2. Möglichkeit zum Bösen bzw. eigentlich keine Notwendigkeit zum Guten (Modallogik),  keine 3.  Rechtmäßigkeit bzw.  keine 3. Musterung zum Guten, bzw. 3. kein Hinterfragen, d.h. ggf. böse, Modallogik mit 4 Sachen anstelle von 2: Möglichkeit, Notwendigkeit;;;?;?;?;?;?;?;?;;;;;;?;?;;?;?;?;;;;
?;existiert nicht;existiert nicht;Jesus sagte: Wenn das Fleisch durch den Geist zur Existenz gelangt ist, so ist das ein Wunder, doch wenn der Geist mithilfe des Leibes völlig ins Sein getreten ist, so ist dies ein Wunder der Wunder. Ich bin erstaunt darüber, wie dieser große Reichtum in dieser Armut wohnen konnte. ;?;?;nicht in den nächsten wenigen Jahrtausenden;?;Absicht Kinder machen so genetisch, dass aus ungutem Genmaterial von Eltern ohne Änderung dennoch Kinder mit sehr gutem Genmaterial werden. D.h. es wird lediglich perfekt rekombiniert.;-;?;?;?;?;Transzendenz-Anordnungs-Fähigkeit;23;existiert bisher nicht;15;siehe oben;Fortpflanzung durch geistige statt materielle Überlegenheit;?;?;-;?;?;Transzendenz Netzwerk-Topologien;?;?;?;?;?;?;?;?;?;?;...-gramm;...-gon;;;;;?;?;?;?;?;?;?;;;;;;?;?;;?;?;?;;;;
?;existiert nicht;existiert nicht;Jesus sagte: Wo es drei Götter gibt, da sind die Götter. Und dort, wo zwei einer ist, da werde ich sein. ;?;?;nicht in den nächsten wenigen Jahrtausenden;?;Unversehrt sein, durch den Vorteil, dass Kinder gezeugt werden von den wenigen besten Transzendenten.;-;?;?;?;?;Transzendenz-Anordnungs-Fähigkeit;24;existiert bisher nicht;16;siehe oben;keine Primzahl;?;?;-;?;?;Transzendenz Netzwerk-Topologien;?;?;?;?;?;?;?;?;?;?;...-gramm;...-gon;;;das hier nutzen, um ehrlich zu sein;das hier nicht nutzen, um ehrlich zu sein;?;?;?;?;?;?;?;;;;;;?;?;;?;?;?;;;;
?;existiert nicht;existiert nicht;Jesus sagte: Kein Prophet wird in seinem heimatlichen Dorf aufgenommen und kein Arzt heilt jene, die ihn kennen. ;?;?;nicht in den nächsten wenigen Jahrtausenden;?;Kinder keinesfalls von den besten Transzendenten zeugen lassen, sondern von normalen Menschen (wobei diese dann wohl auch Transzendenz haben, durch voran gegangene Züchtungen).;-;?;?;?;?;Transzendenz-Anordnungs-Fähigkeit;25;existiert bisher nicht;17;siehe oben;Religionsinhalte verbreiten;?;?;-;?;?;Transzendenz Netzwerk-Topologien;?;?;?;?;?;?;?;?;?;?;...-gramm;...-gon;;;;;?;?;?;?;?;?;?;;;;;;?;?;;?;?;?;;;;
?;existiert nicht;existiert nicht;Jesus sagte: Eine Stadt, die auf einem Berg gebaut und befestigt ist, kann nicht fallen, noch kann sie verborgen werden. ;?;?;nicht in den nächsten wenigen Jahrtausenden;?;Religion der Selbstherrlichkeit.;-;Selbstherrlichkeit;?;?;?;Transzendenz-Separierungs-Fähigkeit;26;existiert bisher nicht;18;siehe oben;?;?;?;-;?;?;Transzendenz Netzwerk-Topologien;?;?;?;?;?;?;?;?;?;?;...-gramm;...-gon;;;;;?;?;?;?;?;?;?;;;;;;?;?;;?;?;?;;;das hier nutzen, um selbstgerecht zu sein, selbstgenügsam sein können, selbstherrlich sein wollen;das hier nicht nutzen, um selbstgerecht zu sein, nicht selbstgenügsam sein können, nicht selbstherrlich sein wollen
?;existiert nicht;existiert nicht;Jesus sagte: Das, was du in deinem Ohr (unter Anstrengung) vernimmst, wird mit dem anderen Ohr von euren Dächern gerufen. Denn niemand zündet eine Lampe an, um sie dann in den Korb zu legen, noch an einen Ort zu stellen, der versteckt ist, sondern man stellt sie auf einen Leuchter, damit jeder, der eintritt und hinausgeht, sein Licht sieht. ;?;?;nicht in den nächsten wenigen Jahrtausenden;?;?;-;?;?;?;?;Transzendenz-Separierungs-Fähigkeit;27;existiert bisher nicht;19;siehe oben;?;?;?;-;?;?;LAN,WAN, Intranet, etc.;?;?;?;?;?;?;?;?;?;?;...-gramm;...-gon;;;;;?;?;?;?;?;?;?;;;;;;?;Internet;;?;?;?;;;;
?;existiert nicht;existiert nicht;Jesus sagte: Wenn ein Blinder einen Blinden führt, fallen sie beide in eine Grube. ;?;?;nicht in den nächsten wenigen Jahrtausenden;?;?;-;?;?;?;?;Transzendenz-Separierungs-Fähigkeit;28;existiert bisher nicht;20;siehe oben;?;?;?;-;?;?;LAN,WAN, Intranet, etc.;?;?;?;?;?;?;?;?;?;?;...-gramm;...-gon;;;;;?;?;?;?;?;?;?;;;;;;?;LAN bzw. Intranet bzw. Extranet bzw. VPN;;?;?;?;;;;
?;existiert nicht;existiert nicht;Man kann nicht in das Haus eines Stärkeren eintreten und es mit Gewalt einnehmen, ohne seine Hände zu binden. Erst dann kann er ausgeraubt werden. ;?;?;nicht in den nächsten wenigen Jahrtausenden;?;?;-;?;?;?;?;Transzendenz-Separierungs-Fähigkeit;29;existiert bisher nicht;21;siehe oben;?;?;?;-;?;?;LAN,WAN, Intranet, etc.;?;?;?;?;?;?;?;?;?;?;...-gramm;...-gon;Das Gute gilt;1. taugt nicht zum Guten, 2. hat keine Fähigkeit zum gut gelten, zum gut 2. dazu zählen, 3. nützt nichts dazu, dass das Gute gilt, 4. führt keine Handlung dazu durch, dass das Gute letztlich gilt, d.h. ggf. böse, Modallogik mit 5 Sachen anstelle von 2: Möglichkeit, Notwendigkeit;;;?;?;?;?;?;?;?;;;;;;?;IT-Sicherheit;;?;?;?;;;;
?;existiert nicht;existiert nicht;"Jesus sagte: Sorgt euch nicht vom Morgen bis zum Abend und vom Abend bis zum Morgen, was ihr essen oder für Kleidung tragen werdet. Ihr seid viel besser als die Lilien, die weder kratzen noch herumwirbeln. Wenn ihr keine Kleidung habt, was werdet ihr dann anziehen? Wer mag eurer Statur etwas beisteuern? Das Eine (""the One"": das Ganze, die Ganzheit, Anm. d. Übers.) wird euch die Kleidung geben. ";?;?;nicht in den nächsten wenigen Jahrtausenden;?;?;-;materieller Nachteil;?;?;?;Transzendenz-Separierungs-Fähigkeit;30;existiert bisher nicht;22;siehe oben;?;?;?;-;?;?;LAN,WAN, Intranet, etc.;?;?;?;?;?;?;?;?;?;?;...-gramm;...-gon;;;;;?;?;?;?;?;?;?;;;;;;?;Das Netzwerk 33-35 macht, dass man nicht mehr die Fähigkeit zu materiellem Nachteil hat, aber diesen nun mit der 36 anstrebt.;;?;?;?;;;;
?;existiert nicht;existiert nicht;Seine Jünger sagten: An welchem Tag wirst du uns erscheinen und an welchem Tag werden wir dich sehen? Jesus sagte: Wenn ihr eure Scham nackt gemacht habt ohne euch zu schämen und sobald ihr eure Kleider nehmen und unter eure Füße legt und sie, wie die kleinen Kinder, auf sie herumtrampelt, dann werdet ihr den Sohn des lebendig gewordenen Einen sehen und ihr werdet euch nicht länger fürchten. ;?;?;nicht in den nächsten wenigen Jahrtausenden;?;?;-;?;?;?;?;Transzendenz-Organisations-Fähigkeit;31;existiert bisher nicht;23;siehe oben;?;?;?;-;?;?;Vielleicht Offene Standards, wie Open Source und vielleicht regieren;?;?;?;?;?;?;?;?;?;?;...-gramm;...-gon;;;;;?;?;?;?;?;?;?;;;;;;?;vielleicht: Open-Source und Internetregierung;;?;?;?;;;;
?;existiert nicht;existiert nicht;Jesus sagte: Oft habt ihr euch gewünscht, diese Worte zu hören, die ich euch sage, und ihr habt keinen Anderen, von dem ihr sie hören könnt. Tage werden kommen, da ihr suchen und mich nicht finden werdet. ;?;?;nicht in den nächsten wenigen Jahrtausenden;?;?;-;?;?;?;?;Transzendenz-Organisations-Fähigkeit;32;existiert bisher nicht;24;siehe oben;?;?;?;-;?;?;Vielleicht Offene Standards, wie Open Source und vielleicht regieren;?;?;?;?;?;?;?;?;?;?;...-gramm;...-gon;;;;;?;?;?;?;?;?;?;;;;;;?;vielleicht: Open-Source und Internetregierung;;?;?;?;;;;
?;existiert nicht;existiert nicht;Jesus sagte: Die Pharisäer und die Schriftgelehrten haben die Schlüssel zur Erkenntnis erhalten und haben sie versteckt. Sie sind weder eingetreten, noch haben sie anderen erlaubt einzutreten. Aber ihr, seid klug wie die Schlangen und einfach wie die Tauben. ;?;?;nicht in den nächsten wenigen Jahrtausenden;?;?;-;?;?;?;?;Transzendenz-Organisations-Fähigkeit;33;existiert bisher nicht;25;siehe oben;?;?;?;-;?;?;Vielleicht Offene Standards, wie Open Source und vielleicht regieren;?;?;?;?;?;?;?;?;?;?;...-gramm;...-gon;Das hier nutzt (3) dem Schlechten, Modallogik mit 3 Sachen anstelle von 2: Möglichkeit, Notwendigkeit;1 . was man nicht benötigt und was sich nicht eignet, um schlecht zu sein, d.h. ggf. lieb, Modallogik mit 3 Sachen anstelle von 2: Möglichkeit, Notwendigkeit;;;?;?;?;?;?;?;?;;;;;;?;vielleicht: Open-Source und Internetregierung;;?;?;?;;;;
?;existiert nicht;existiert nicht;Jesus sagte: Ein Weinstock, der außerhalb des Vaters gepflanzt worden ist, ist nicht kräftig genug. Er wird an seiner Wurzel gefasst und herausgerissen werden. ;?;?;nicht in den nächsten wenigen Jahrtausenden;?;?;-;?;?;?;?;Transzendenz-Organisations-Fähigkeit;34;existiert bisher nicht;26;siehe oben;?;?;?;-;?;?;Vielleicht Offene Standards, wie Open Source und vielleicht regieren;?;?;?;?;?;?;?;?;?;?;...-gramm;...-gon;;;;;?;?;?;?;?;?;?;;;;;;?;vielleicht: Open-Source und Internetregierung;;?;?;?;;;;
?;existiert nicht;existiert nicht;Jesus sagte: Wer etwas in seiner Hand hält, dem wird gegeben werden, und jener, der nichts hat, dem wird man auch das Wenige nehmen, dass er hat. ;?;?;nicht in den nächsten wenigen Jahrtausenden;?;?;-;?;?;?;?;Transzendenz-Organisations-Fähigkeit;35;existiert bisher nicht;27;siehe oben;?;?;?;-;?;?;Vielleicht Offene Standards, wie Open Source und vielleicht regieren;?;?;?;?;?;?;?;?;?;?;...-gramm;...-gon;;;;;?;?;?;?;?;?;?;;;;;;?;vielleicht: Open-Source und Internetregierung;;?;?;?;;;;
?;existiert nicht;existiert nicht;Jesus sagte: Seid Vorübergehende! ;?;?;nicht in den nächsten wenigen Jahrtausenden;?;?;-;?;?;?;?;Transzendenz-Organisations-Fähigkeit;36;existiert bisher nicht;28;siehe oben;?;?;?;-;?;?;Vielleicht Offene Standards, wie Open Source und vielleicht regieren;?;?;?;?;?;?;?;?;?;?;...-gramm;...-gon;bringt den Vorteil des Guten;1. schätzt das Gute nicht ein, 2. ändert nicht die Ordnung zum Guten, 3. keine Möglichkeit gut zu sein, 4. ist nicht für das Gute geeignet, 5. hat keine Bedeutung für eine Ordnung des Guten, d.h. ggf. böse, Modallogik mit 6 Sachen anstelle von 2: Möglichkeit, Notwendigkeit;;;?;?;?;?;?;?;?;;;;;;?;vielleicht: Open-Source und Internetregierung;;?;?;?;;;;
?;existiert nicht;existiert nicht;Seine Jünger sagten zu ihm: Wer bist du, dass du uns das sagen kannst? Jesus sagte zu ihnen: Ihr könnt nicht allein aus dem verstehen wer ich bin, was ich euch sage. Ihr seid wie die Juden geworden, denn sie lieben den Baum und hassen seine Frucht oder sie lieben die Frucht und hassen den Baum. ;?;?;nicht in den nächsten wenigen Jahrtausenden;?;?;-;?;?;?;?;Transzendenz-Organisations-Fähigkeit;37;existiert bisher nicht;29;siehe oben;?;?;?;-;?;?;Vielleicht Offene Standards, wie Open Source und vielleicht regieren;?;?;?;?;?;?;?;?;?;?;...-gramm;...-gon;;;;;?;?;?;?;?;?;?;;;;;;?;vielleicht: Open-Source und Internetregierung;;?;?;?;;;;
?;existiert nicht;existiert nicht;Seine Jünger sagten zu ihm: Wer bist du, dass du uns das sagen kannst? Jesus sagte zu ihnen: Ihr könnt nicht allein aus dem verstehen wer ich bin, was ich euch sage. Ihr seid wie die Juden geworden, denn sie lieben den Baum und hassen seine Frucht oder sie lieben die Frucht und hassen den Baum. ;?;?;nicht in den nächsten wenigen Jahrtausenden;?;?;-;?;?;?;?;Transzendenz-Organisations-Fähigkeit;38;existiert bisher nicht;30;siehe oben;?;?;?;-;?;?;Vielleicht Offene Standards, wie Open Source und vielleicht regieren;?;?;?;?;?;?;?;?;?;?;...-gramm;...-gon;;;;;?;?;?;?;?;?;?;;;;;;?;vielleicht: Open-Source und Internetregierung;;?;?;?;;;;
?;existiert nicht;existiert nicht;Jesus sagte: Trauben erntet man nicht von Dornensträuchern, noch pflückt man Feigen von Distelbüschen, sie tragen keine Frucht. Gute Menschen bringen Gutes aus seinem Herzen und ein böser Mensch bringt böse Dinge aus seinem Herzen hervor und sagen böse Dinge, denn nur aus dem Überfluss des Herzens bringt er böse Dinge hervor. ;?;?;nicht in den nächsten wenigen Jahrtausenden;?;?;-;?;?;?;?;Transzendenz-Organisations-Fähigkeit;39;existiert bisher nicht;31;siehe oben;?;?;?;-;?;?;Vielleicht Offene Standards, wie Open Source und vielleicht regieren;?;?;?;?;?;?;?;?;?;?;...-gramm;...-gon;;;;;?;?;?;?;?;?;?;;;;;;?;vielleicht: Open-Source und Internetregierung;;?;?;?;;;;
?;existiert nicht;existiert nicht;Jesus sagte: Von Adam bis hin zu Johannes dem Täufer ist unter den von Frauen geborenen Kindern keiner großartiger als Johannes der Täufer, denn seine Augen waren nicht abgewandt. Aber ich habe gesagt, derjenige, der unter euch zum Kinde wird, wird das Königreich erkennen und wird höher sein als Johannes. ;?;?;nicht in den nächsten wenigen Jahrtausenden;?;?;-;?;?;?;?;Transzendenz-Organisations-Fähigkeit;40;existiert bisher nicht;32;siehe oben;?;?;?;-;?;?;Vielleicht Offene Standards, wie Open Source und vielleicht regieren;?;?;?;?;?;?;?;?;?;?;...-gramm;...-gon;;;;;?;?;?;?;?;?;?;;;;;;?;vielleicht: Open-Source und Internetregierung;;?;?;?;;;;
?;existiert nicht;existiert nicht;"Jesus sagte: Es ist nicht möglich, dass ein Mensch zwei Pferde besteigt, noch kann er zwei Bogen spannen. Und ein Sklave kann nicht zwei Herren dienen, ansonsten wird er den einen verehren und den anderen verhöhnen. Niemand trinkt alten Wein und wünscht sich zugleich, neuen Wein zu trinken. Und man gießt nicht neuen Wein in alte Schläuche, damit sie nicht brechen; und man gießt nicht alten Wein in einen neuen Schlauch, damit diese ihn verderben. Man näht auch keinen alten Flicken auf ein neues Gewand, denn es würde ein Riss entstehen. ";?;?;nicht in den nächsten wenigen Jahrtausenden;?;?;-;?;?;?;?;Transzendenz-Organisations-Fähigkeit;41;existiert bisher nicht;33;siehe oben;?;?;?;-;?;?;Vielleicht Offene Standards, wie Open Source und vielleicht regieren;?;?;?;?;?;?;?;?;?;?;...-gramm;...-gon;;;;;?;?;?;?;?;?;?;;;;;;?;vielleicht: Open-Source und Internetregierung;;?;?;?;;;;
?;existiert nicht;existiert nicht;Jesus sagte: Wenn zwei in einem Hause miteinander Frieden schließen, werden sie dem Berg sagen: Versetze dich! und er wird sich versetzen;?;?;nicht in den nächsten wenigen Jahrtausenden;?;?;-;?;?;?;?;Transzendenz-Organisations-Fähigkeit;42;existiert bisher nicht;34;siehe oben;?;?;?;-;?;?;Vielleicht Offene Standards, wie Open Source und vielleicht regieren;?;?;?;?;?;?;?;?;?;?;...-gramm;...-gon;;;;;?;?;?;?;?;?;?;;;;;;?;vielleicht: Open-Source und Internetregierung;;?;?;?;;;;
?;existiert nicht;existiert nicht;Jesus sagte: Lobt diejenigen, die allein und auserwählt (ganz) sind, denn diese werden das Königreich finden. Denn ihr seid aus ihm hervorgekommen und ihr werdet dahin zurückkehren. ;?;?;nicht in den nächsten wenigen Jahrtausenden;?;?;-;Selbstlos zu Selbstlosen;?;?;?;Transzendenz-Organisations-Fähigkeit;43;existiert bisher nicht;35;siehe oben;?;?;?;-;?;?;Vielleicht Offene Standards, wie Open Source und vielleicht regieren;?;?;?;?;?;?;?;?;?;?;...-gramm;...-gon;bringt das Selbstlose des Guten, bzw. das Gute des Selbstlosen;1. vergütet das Gute nicht, 2. hat keine Fähigkeit gut zu sein, 3. keinen Nutzen durch die gute Absicht, 4. keine gutartigen Handlungen, 5. lässt das gute nicht gelten bzw. will keine Unversehrtheit durch das Gute, 6. das Gute hat keinen Wert bzw. will keinen Vorteil, d.h. ggf. böse, Modallogik mit 7 Sachen anstelle von 2: Möglichkeit, durch das Gute,;;;?;?;?;?;?;?;?;;;;;;?;vielleicht: Open-Source und Internetregierung;;?;?;?;;;;
?;existiert nicht;existiert nicht;Jesus sagte: Wenn sie zu euch sagen: Woher kommt ihr? dann sagt zu ihnen: Wir kommen aus dem Licht, von dort, wo das Licht aus sich selbst heraus geboren ist. Es hat sich durch sich selbst erschaffen und ist in ihrem Bild erschienen. Wenn sie zu euch sagen: Wer seid ihr? dann sagt: Wir sind dessen Söhne und wir sind die Auserwählten (die Ganz gewordenen) des lebendigen Vaters. Wenn sie euch fragen: Welches ist das Zeichen eures Vaters in euch? sagt zu ihnen: Es ist Bewegung und Ruhe. ;?;?;nicht in den nächsten wenigen Jahrtausenden;?;?;-;?;?;?;?;?;44;existiert bisher nicht;36;siehe oben;?;?;?;-;?;?;Vielleicht Kommerzialisierung;?;?;?;?;?;?;?;?;?;?;...-gramm;...-gon;;;;;?;?;?;?;?;?;?;;;;;;?;vielleicht: Kommerzialisierung des Internets;;?;?;?;;;;
?;existiert nicht;existiert nicht;Seine Jünger sagten zu ihm: Wann wird die Ruhe der Toten eintreten und an welchem Tage wird die neue Welt kommen? Er sagte zu ihnen: Diese Welt, die ihr erwartet, ist längst gekommen, aber ihr erkennt sie nicht. ;?;?;nicht in den nächsten wenigen Jahrtausenden;?;?;-;?;?;?;?;?;45;existiert bisher nicht;37;siehe oben;?;?;?;-;?;?;Vielleicht Kommerzialisierung;?;?;?;?;?;?;?;?;?;?;...-gramm;...-gon;;;;;?;?;?;?;?;?;?;;;;;;?;vielleicht: Kommerzialisierung des Internets;;?;?;?;;;;
?;existiert nicht;existiert nicht;Seine Jünger sagten zu ihm: Vierundzwanzig Propheten haben in Israel gesprochen und sie alle haben von dir gesprochen. Er sagte zu ihnen: Ihr habt den vergessen, der gerade vor euch steht und habt von den Toten gesprochen. ;?;?;nicht in den nächsten wenigen Jahrtausenden;?;?;-;?;?;?;?;?;46;existiert bisher nicht;38;siehe oben;?;?;?;-;?;?;Vielleicht Kommerzialisierung;?;?;?;?;?;?;?;?;?;?;...-gramm;...-gon;schlecht machen;1. schafft nicht das Schlechte, 2. Möglichkeit zum Lieben bzw. eigentlich keine Notwendigkeit zum Schlechten (Modallogik),  keine 3.  Rechtmäßigkeit bzw.  3. keine Musterung zum Schlechten, bzw. 3. kein Hinterfragen, d.h. ggf. lieb, Modallogik mit 4 Sachen anstelle von 2: Möglichkeit,  Notwendigkeit;;;?;?;?;?;?;?;?;;;;;;?;vielleicht: Kommerzialisierung des Internets;;?;?;?;;;;
?;existiert nicht;existiert nicht;Seine Jünger sagten zu ihm: Ist die Beschneidung nützlich oder nicht? Er sagte zu ihnen: Wenn sie nützlich wäre, würde ihr Vater sie schon beschnitten von der Mutter gebären lassen. Doch die wahre Beschneidung im Geist hat vollen Nutzen. ;?;?;nicht in den nächsten wenigen Jahrtausenden;?;?;-;?;?;?;?;?;47;existiert bisher nicht;39;siehe oben;?;?;?;-;?;?;Vielleicht Kommerzialisierung;?;?;?;?;?;?;?;?;?;?;...-gramm;...-gon;;;;;?;?;?;?;?;?;?;;;;;;?;vielleicht: Kommerzialisierung des Internets;;?;?;?;;;;
?;existiert nicht;existiert nicht;Jesus sagte:  Lobt die Armen, denn sie gehören (ebenfalls) zum Himmelreich. ;?;?;nicht in den nächsten wenigen Jahrtausenden;?;?;-;?;?;?;?;?;48;existiert bisher nicht;40;siehe oben;?;?;?;-;?;?;Vielleicht Kommerzialisierung;?;?;?;?;?;?;?;?;?;?;...-gramm;...-gon;;;;;?;?;?;?;?;?;?;;;;;;?;vielleicht: Kommerzialisierung des Internets;;?;?;?;;;;
?;existiert nicht;existiert nicht;Wer immer Vater und Mutter nicht hasst, kann nicht mein Jünger werden. Und wer nicht Brüder Jesus sagte: und Schwestern hasst und wer nicht das Kreuz trägt wie ich, wird meiner nicht würdig sein. ;?;?;nicht in den nächsten wenigen Jahrtausenden;?;?;-;?;?;?;?;?;49;existiert bisher nicht;41;siehe oben;?;?;?;-;?;?;Vielleicht Kommerzialisierung;?;?;?;?;?;?;?;?;?;?;...-gramm;...-gon;;;;;?;?;?;?;?;?;?;;;;;;?;vielleicht: Kommerzialisierung des Internets;;?;?;?;;;;
?;existiert nicht;existiert nicht;Jesus sagte: Wer immer die Welt erkannt hat, hat einen Leichnam entdeckt, und wer auch immer einen Leichnam dieser Person entdeckt haben mag, dessen ist die Welt nicht (länger) würdig. ;?;?;nicht in den nächsten wenigen Jahrtausenden;?;?;-;?;?;?;?;?;50;existiert bisher nicht;42;siehe oben;?;?;?;-;?;?;Vielleicht Kommerzialisierung;?;?;?;?;?;?;?;?;?;?;...-gramm;...-gon;bringt den Besitzeswunsch des Guten, die Selbstgerechtigkeit zum Guten, den Gesellschaftszustand des Guten;1. beurteilt das Gute nicht, 2. hat keine Fähigkeit Besitz über das Gute zu ergreifen, bzw. schafft nicht das Gute, 3.  Nützt dem Besitz des Guten nichts, 2. Möglichkeit zum Guten bzw. eigentlich keine Notwendigkeit zum Bösen (Modallogik),  5.  die Gesellschaft des Guten gilt nicht, bzw. das Besitzergreifen vom Guten gilt nicht, 6. keine Musterung und keine Rechtmäßigkeit für das Gute, ggf. böse, Modallogik mit 8 Sachen anstelle von 2: Möglichkeit,  Notwendigkeit;;;?;?;?;?;?;?;?;;;;;;?;vielleicht: Kommerzialisierung des Internets;;?;?;?;;;;
?;existiert nicht;existiert nicht;Jesus sagte: Das Königreich des Vaters gleicht einem Menschen, der eine gute Saat besitzt. Sein Feind kam in der Nacht und säte Unkraut unter die gute Saat. Diese Person erlaubte daraufhin seinen Arbeitern nicht, das Unkraut auszureißen. Er sagte zu ihnen: Nein, andernfalls reißt ihr den Weizen mit dem Unkraut heraus. Am Tag der Ernte wird das Unkraut sichtbar werden und wird es ausreißen und verbrennen können. ;?;?;nicht in den nächsten wenigen Jahrtausenden;?;?;-;?;?;?;?;?;51;existiert bisher nicht;43;siehe oben;?;?;?;-;?;?;Vielleicht Kommerzialisierung;?;?;?;?;?;?;?;?;?;?;...-gramm;...-gon;;;;;?;?;?;?;?;?;?;;;;;;?;vielleicht: Kommerzialisierung des Internets;;?;?;?;;;;
?;existiert nicht;existiert nicht;Jesus sagte:  Lobt denjenigen, der sich geplagt hat, er hat das Leben gefunden. ;?;?;nicht in den nächsten wenigen Jahrtausenden;?;Das soeben beschriebene auch dann können, aber mit viel Mühe der Eltern.;-;?;?;?;?;?;52;existiert bisher nicht;44;siehe oben;?;?;?;-;?;?;Vielleicht Kommerzialisierung;?;?;?;?;?;?;?;?;?;?;...-gramm;...-gon;;;;;?;?;?;?;?;?;?;;;;;;?;vielleicht: Kommerzialisierung des Internets;;?;?;?;;;;
?;existiert nicht;existiert nicht;Jesus sagte: Schaut auf den lebendig gewordenen Auserwählten (Ganzgewordenen), solange ihr lebt, damit ihr nicht sterben mögt und den lebendigen Auserwählten suchen müsst, um ihn zu sehen und ihn dann doch nicht sehen könnt. ;?;?;nicht in den nächsten wenigen Jahrtausenden;?;?;-;?;?;?;?;?;53;existiert bisher nicht;45;siehe oben;?;?;?;-;?;?;Vielleicht Kommerzialisierung;?;?;?;?;?;?;?;?;?;?;...-gramm;...-gon;;;;;?;?;?;?;?;?;?;;;;;;?;vielleicht: Kommerzialisierung des Internets;;?;?;?;;;;
?;existiert nicht;existiert nicht;Er sah (gerade) einen Samariter, der ein Lamm trug und nach Judäa ging. Er sagte zu seinen Jüngern: Was will dieser mit dem Lamm? Sie sagten zu ihm: Er wird es töten und essen. Er sagte zu ihnen: Während es lebt, wird er es nicht essen, sondern erst, wenn er es tötet und es ein Leichnam sein wird. Sie sagten: Anders kann er es nicht tun. Er sagte zu ihnen: So ergeht es euch auch, ihr sucht einen Ort zur Ruhe, damit ihr nicht ein Leichnam und gegessen werdet. ;?;?;nicht in den nächsten wenigen Jahrtausenden;?;?;-;?;?;?;?;?;54;existiert bisher nicht;46;siehe oben;?;?;?;-;?;?;Vielleicht Kommerzialisierung;?;?;?;?;?;?;?;?;?;?;...-gramm;...-gon;;;;;?;?;?;?;?;?;?;;;;;;?;vielleicht: Kommerzialisierung des Internets;;?;?;?;;;;
?;existiert nicht;existiert nicht;Jesus sagte: Zwei werden ruhen auf einem Bett, einer wird sterben, der andere wird leben. Salome sagte: Wer bist du, mein Herr? Du bist auf mein Bett gestiegen und hast an meiner Tafel gegessen, als wärst du von jemandem gesandt worden. Jesus sagte zu ihr: Ich bin der Auserwählte, der aus dem Ganzen hervorkommt. Ich habe die Erlaubnis meines Vaters erhalten. Salome sagte: Ich bin deine Jüngerin. Jesus sagte zu ihr: Aus diesem Grunde teile ich dir mit, wenn jemand ganz ist, wird er mit Licht erfüllt werden, doch wenn jemand geteilt ist, wird er voller Dunkelheit sein. ;?;?;nicht in den nächsten wenigen Jahrtausenden;?;?;-;?;?;?;?;?;55;existiert bisher nicht;47;siehe oben;?;?;?;-;?;?;Vielleicht Kommerzialisierung;?;?;?;?;?;?;?;?;?;?;...-gramm;...-gon;;;;;?;?;?;?;?;?;?;;;;;;?;vielleicht: Kommerzialisierung des Internets;;?;?;?;;;;
?;existiert nicht;existiert nicht;Jesus sagte: Ich enthülle meine Geheimnisse jenen, die meiner Mysterien wert sind. Lasse deine linke Hand nicht wissen, was deine rechte tut. ;?;?;nicht in den nächsten wenigen Jahrtausenden;?;?;-;?;?;?;?;?;56;existiert bisher nicht;48;siehe oben;?;?;?;-;?;?;Vielleicht Kommerzialisierung;?;?;?;?;?;?;?;?;?;?;...-gramm;...-gon;;;;;?;?;?;?;?;?;?;;;;;;?;vielleicht: Kommerzialisierung des Internets;;?;?;?;;;;
?;existiert nicht;existiert nicht;Jesus sagte: Es war einmal ein reicher Mann, der viel Geld durch einen großen Handel erhielt. Er sagte: Ich werde mein Vermögen benutzen, um zu säen, zu ernten, zu pflanzen und meine Speicher mit Früchten füllen, auf dass es mir an nichts fehle. Dies waren seine letzten Gedanken in seinem Herzen, denn in dieser Nacht starb er. Jedermann hier, der gute Ohren besitzt, sollte gut zuhören. ;?;?;nicht in den nächsten wenigen Jahrtausenden;?;?;-;?;?;?;?;?;57;existiert bisher nicht;49;siehe oben;?;?;?;-;?;?;Vielleicht Kommerzialisierung;?;?;?;?;?;?;?;?;?;?;...-gramm;...-gon;Das Gute ist der höhere Zweck bzw. die Einheit des Guten;Ich noch nicht fertig hier: 1. das Gute ist nicht das Mittel bzw. die Form, 2. keine Fähigkeit zur Einheit für den höheren Zweck des Guten, 3. kein Nutzen der Einheit und des höheren Zwecks zum Guten;;;?;?;?;?;?;?;?;;;;;;?;vielleicht: Kommerzialisierung des Internets;;?;?;?;;;;
?;existiert nicht;existiert nicht;Jesus sagte: Ein Mann empfing gerade seine Gäste. Als er das Mahl zubereitet hatte, sandte er seinen Diener aus, um die Gäste einzuladen. Der Diener ging zum ersten und sagte zu ihm: Mein Herr lädt dich ein. Der sagte: Ich habe Geld bei Kaufleuten. Sie werden heute Abend zu mir kommen. Ich werde ihnen Aufträge geben. Bitte entschuldige mich für das Mahl. Er ging zu einem anderen und sagte zu ihm: Mein Herr hat dich eingeladen. Dieser sagte zu ihm: Ich habe ein Haus gekauft und man braucht mich für einen Tag. Ich werde keine Zeit haben. Er ging zu einem anderen und sagte zu diesem: Mein Herr lädt dich ein. Dieser antwortete: Mein Freund wird sich verheiraten und ich gestalte das Mahl. Ich werde nicht in der Lage sein zu kommen. Bitte entschuldige mich für das Mahl. Er ging zu einem anderen, er sagte zu ihm: Mein Herr lädt dich ein. Er sagte zu ihm: Ich habe einen Hof gekauft. Ich bin gerade dabei, die Miete einzuholen. Ich werde nicht in der Lage sein zu kommen. Bitte entschuldige mich. Der Diener kehrte zurück und teilte seinem Herrn mit: Die, die du zum Mahl eingeladen hast, lassen sich entschuldigen. Der Herr sagte zu seinem Diener: Geh hinaus auf die Straße und bring die mit, wen immer du gerade finden wirst und lade sie zum Essen ein. Die Verkäufer und Händler werden nicht den Ort meines Vaters betreten wollen. ;?;?;nicht in den nächsten wenigen Jahrtausenden;?;?;-;Ignoranz;?;?;?;?;58;existiert bisher nicht;50;siehe oben;?;?;?;-;?;?;Vielleicht Kommerzialisierung;?;?;?;?;?;?;?;?;?;?;...-gramm;...-gon;;;;;?;?;?;?;?;?;?;zeitlich;räumlich;;;;?;vielleicht: Kommerzialisierung des Internets;;?;?;?;;;damit hier selbstgerecht ausüben, das hier nutzen um selbstgenügsam zu sein, selbstherrlich sein können;das hier nicht nutzen, um selbstgerecht zu sein, nicht selbstgenügsam sein können, nicht selbstherrlich sein wollen
?;existiert nicht;existiert nicht;Er sagte: Ein  Mann hatte einen Weinberg und vermietete ihn an Winzer, damit sie an ihm arbeiteten und er die Früchte von ihnen erhielte. Er schickte seinen Diener, damit die Winzer ihm die Frucht des Weinbergs geben. Diese ergriffen seinen Diener, schlugen ihn, und sie töteten ihn beinahe. Der Diener rannte davon und erzählte es seinem Herrn. Sein Herr sagte: Vielleicht hat er dich nicht erkannt. Er schickte einen weiteren Diener. Die Winzer schlugen auch diesen. Dann schickte der Herr seinen Sohn. Er sagte. Vielleicht werden sie vor meinem Sohn etwas Respekt bezeugen. Diese Winzer, als sie erfuhren, dass er der Erbe des Weinbergs wäre, packten ihn und töteten ihn. Jeder, der zwei Ohren hat, möge besser zuhören. ;?;?;nicht in den nächsten wenigen Jahrtausenden;?;?;-;?;?;?;?;?;59;existiert bisher nicht;51;siehe oben;?;?;?;-;?;?;Vielleicht Hacking;?;?;?;?;?;?;?;?;?;?;...-gramm;...-gon;Das Schlechte gilt;1. taugt nicht zum Schlechten, 2. hat keine Fähigkeit zum schlecht gelten, zum schlecht 2. dazu zählen, 3. nützt nichts dazu, dass das Schlechte gilt, 4. führt keine Handlung dazu durch, dass das Schlechte letztlich gilt, d.h. ggf. lieb, Modallogik mit 5 Sachen anstelle von 2: Möglichkeit, Notwendigkeit;;;?;?;?;?;?;?;?;;;;;;?;;;?;?;?;;;;
?;existiert nicht;existiert nicht;Jesus sagte: Zeigt mir den Stein, den die Bauleute nicht nehmen wollten: er ist der Schlussstein. ;?;?;nicht in den nächsten wenigen Jahrtausenden;?;?;-;?;?;?;?;?;60;existiert bisher nicht;52;siehe oben;?;?;?;-;?;?;Vielleicht Hacking;?;?;?;?;?;?;?;?;?;?;...-gramm;...-gon;;;;;?;?;?;?;?;?;?;;;;;;?;;;?;?;?;;;;
?;existiert nicht;existiert nicht;Jesus sagte: Wer alles erkennt, sich selbst jedoch verfehlt, der verfehlt alles. ;?;?;nicht in den nächsten wenigen Jahrtausenden;?;?;-;?;?;?;?;?;61;existiert bisher nicht;53;siehe oben;?;?;?;-;?;?;Vielleicht Hacking;?;?;?;?;?;?;?;?;?;?;...-gramm;...-gon;;;;;?;?;?;?;?;?;?;;;;;;?;;;?;?;?;;;;
?;existiert nicht;existiert nicht;"Jesus sagte: Lob sei euch gewiss, wenn man euch hassen und verfolgen sollte; aber kein Ort gefunden wird, an dem man euch verfolgen könnte. ";?;?;nicht in den nächsten wenigen Jahrtausenden;?;?;-;?;?;?;?;?;62;existiert bisher nicht;54;siehe oben;?;?;?;-;?;?;Vielleicht Hacking;?;?;?;?;?;?;?;?;?;?;...-gramm;...-gon;;;;;?;?;?;?;?;?;?;;;;;;?;;;?;?;?;;;;
?;existiert nicht;existiert nicht;Jesus sagte: Lob an jene, die man in ihrem Herzen verfolgte: es sind jene, die gekommen sind, um den Vater in Wahrheit zu erkennen. Und Lob an jene, die hungrig danach reden, der Bauch des Auserwählten (des Ganzgewordenen), sobald er es will, wird er erfüllt werden. ;?;?;nicht in den nächsten wenigen Jahrtausenden;?;?;-;?;?;?;?;?;63;existiert bisher nicht;55;siehe oben;?;?;?;-;?;?;Vielleicht Hacking;?;?;?;?;?;?;?;?;?;?;...-gramm;...-gon;;;;;?;?;?;?;?;?;?;;;;;;?;;;?;?;?;;;;
?;existiert nicht;existiert nicht;Jesus sagte: Wenn ihr das in euch fördert, was in euch ist, wird euch das, was ihr habt, retten. Wenn ihr es jedoch nicht in euch habt, wird das, was ihr nicht in euch habt, euch töten. ;?;?;nicht in den nächsten wenigen Jahrtausenden;?;?;-;?;?;?;?;?;64;existiert bisher nicht;56;siehe oben;?;?;?;-;?;?;Vielleicht Hacking;?;?;?;?;?;?;?;?;?;?;...-gramm;...-gon;;;;;?;?;?;?;?;?;?;;;;;;?;;;?;?;?;;;;
?;existiert nicht;existiert nicht;Jesus sagte: Ich werde dieses Haus zerstören und niemand wird in der Lage sein, es wieder aufzubauen. ;?;?;nicht in den nächsten wenigen Jahrtausenden;?;?;-;?;?;?;?;?;65;existiert bisher nicht;57;siehe oben;?;?;?;-;?;?;Vielleicht Hacking;?;?;?;?;?;?;?;?;?;?;...-gramm;...-gon;;;;;?;?;?;?;?;?;?;;;;;;?;;;?;?;?;;;;
?;existiert nicht;existiert nicht;Ein Mann sagte zu ihm: Sage meinen Brüdern, dass sie die Besitztümer meines Vaters mit mir teilen sollen. Er sagte zu ihm: Wer hat mich denn zu einem Teiler gemacht? Er wandte sich seinen Jüngern zu. Er sagte ihnen: Bin ich denn ein Teiler? Bin ich? ;?;?;nicht in den nächsten wenigen Jahrtausenden;?;?;-;?;?;?;?;?;66;existiert bisher nicht;58;siehe oben;?;?;?;-;?;?;Vielleicht Hacking;?;?;?;?;?;?;?;?;?;?;...-gramm;...-gon;;;;;?;?;?;?;?;?;?;;;;;;?;;;?;?;?;;;;
?;existiert nicht;existiert nicht;Jesus sagte: Die Ernte ist zwar groß, aber die Arbeiter sind wenige, so bittet den Herrn, dass er Arbeiter für die Ernte schicke. ;?;?;nicht in den nächsten wenigen Jahrtausenden;?;?;-;?;?;?;?;?;67;existiert bisher nicht;59;siehe oben;?;?;?;-;?;?;Vielleicht Hacking;?;?;?;?;?;?;?;?;?;?;...-gramm;...-gon;;;;;?;?;?;?;?;?;?;;;;;;?;;;?;?;?;;;;
?;existiert nicht;existiert nicht;Er sagte: Gütiger, es stehen viele um den Brunnen herum, aber dort ist nichts in dem Brunnen. ;?;?;nicht in den nächsten wenigen Jahrtausenden;?;?;-;?;?;?;?;?;68;existiert bisher nicht;60;siehe oben;?;?;?;-;?;?;Vielleicht Hacking;?;?;?;?;?;?;?;?;?;?;...-gramm;...-gon;;;;;?;?;?;?;?;?;?;;;;;;?;;;?;?;?;;;;
?;existiert nicht;existiert nicht;Jesus sagte: Es gibt viele, die an der Tür stehen, aber jene, die allein gekommen sind, werden in das Brautgemach eintreten. ;?;?;nicht in den nächsten wenigen Jahrtausenden;?;?;-;?;?;?;?;?;69;existiert bisher nicht;61;siehe oben;?;?;?;-;?;?;Vielleicht Hacking;?;?;?;?;?;?;?;?;?;?;...-gramm;...-gon;;;;;?;?;?;?;?;?;?;;;;;;?;;;?;?;?;;;;
?;existiert nicht;existiert nicht;Jesus sagte: Das Königreich des Vaters gleicht einem Kaufmann, der eine Ware erwarb und darin eine Perle fand. Dieser Kaufmann war weise, denn er verkaufte die Ware und kaufte die Perle für sich allein. So auch in eurem Falle, sucht auch ihr den unverfehlten Schatz dort, wo die Motte nicht hinkommt, um zu fressen, und dort, wo kein Wurm (?) zerstört. ;?;?;nicht in den nächsten wenigen Jahrtausenden;?;?;-;?;?;?;?;?;70;existiert bisher nicht;62;siehe oben;?;?;?;-;?;?;Vielleicht Hacking;?;?;?;?;?;?;?;?;?;?;...-gramm;...-gon;;;;;?;?;?;?;?;?;?;;;;;;?;;;?;?;?;;;;
?;existiert nicht;existiert nicht;Jesus sagte: Ich bin das Licht, das über allen Dingen steht. Ich bin alles: aus mir ist alles hervorgegangen und zu mir gelangt. Spaltet das Holz, ich bin da. Hebt einen Stein auf, und ihr werdet mich dort finden. ;?;?;nicht in den nächsten wenigen Jahrtausenden;?;?;-;?;?;?;?;?;71;existiert bisher nicht;63;siehe oben;?;?;?;-;?;?;Vielleicht Hacking;?;?;?;?;?;?;?;?;?;?;...-gramm;...-gon;;;;;?;?;?;?;?;?;?;;;;;;?;;;?;?;?;;;;
?;existiert nicht;existiert nicht;Jesus sagte: Warum seid ihr aufs Land gezogen? Um ein Schilfrohr im Winde schwanken zu sehen? Und um einen Menschen zu sehen, der weiche Kleider trägt, wie eure Könige und Mächtigen? Diese tragen weiche Kleider und sie können Wahrheit nicht verstehen. ;?;?;nicht in den nächsten wenigen Jahrtausenden;?;?;-;?;?;?;?;?;72;existiert bisher nicht;64;siehe oben;?;?;?;-;?;?;Vielleicht Hacking;?;?;?;?;?;?;?;?;?;?;...-gramm;...-gon;bringt den Vorteil des Schlechten;1. schätzt das Schlechte nicht ein, 2. ändert nicht die Ordnung zum Schlechten, 3. keine Möglichkeit schlecht zu sein, 4. ist nicht für das Schlechte geeignet, 5. hat keine Bedeutung für eine Ordnung des Schlechten, d.h. ggf. lieb, Modallogik mit 6 Sachen anstelle von 2: Möglichkeit, Notwendigkeit;;;?;?;?;?;?;?;?;;;;;;?;;;?;?;?;;;;
?;existiert nicht;existiert nicht;Eine Frau aus der Menge sagte zu ihm: Glücklich der Leib, der dich getragen hat, und die Brüste, die dich genährt haben. Er sagte zu ihr: Glücklich sind die, die das Wort des Vaters gehört und dieses in Wahrheit bewahrt haben. Denn es werden Tage kommen, an denen ihr euch sagen werdet: Glücklich der Leib, der nicht empfangen hat, und die Brüste, die nicht Milch gegeben haben.;?;?;nicht in den nächsten wenigen Jahrtausenden;?;?;-;?;?;?;?;?;73;existiert bisher nicht;65;siehe oben;?;?;?;-;?;?;Vielleicht Hacking;?;?;?;?;?;?;?;?;?;?;...-gramm;...-gon;;;;;?;?;?;?;?;?;?;;;;;;?;;;?;?;?;;;;
?;existiert nicht;existiert nicht;Jesus sagte: Wer immer es geschafft hat, die Welt zu erkennen, hat den Leib gefunden, aber wer den Leib Jesus sagte:gefunden hat, dessen ist die Welt nicht würdig. ;?;?;nicht in den nächsten wenigen Jahrtausenden;?;?;-;?;?;?;?;?;74;existiert bisher nicht;66;siehe oben;?;?;?;-;?;?;Vielleicht Hacking;?;?;?;?;?;?;?;?;?;?;...-gramm;...-gon;;;;;?;?;?;?;?;?;?;;;;;;?;;;?;?;?;;;;
?;existiert nicht;existiert nicht;Jesus sagte: Lasset jene, die reiche Herrscher geworden sind, herrschen, und jene, die verzichten, sollen verzichten. ;?;?;nicht in den nächsten wenigen Jahrtausenden;?;?;-;Zuspitzung (von Problemen);?;?;?;?;75;existiert bisher nicht;67;siehe oben;?;?;?;-;?;?;Vielleicht Hacking;?;?;?;?;?;?;?;?;?;?;...-gramm;...-gon;;;;;?;?;?;?;?;?;?;;;;;;?;;;?;?;?;;;;
?;existiert nicht;existiert nicht;Jesus sagte: Wer mir nahe ist, der ist dem Feuer nahe und wer fern von mir ist, ist fern vom Königreich. ;?;?;nicht in den nächsten wenigen Jahrtausenden;?;?;-;?;?;?;?;?;76;existiert bisher nicht;68;siehe oben;?;?;?;-;?;?;wahrscheinlich zurück Bemächtigen des Einzelnen;?;?;?;?;?;?;?;?;?;?;...-gramm;...-gon;;;;;?;?;?;?;?;?;?;;;;;;?;;;?;?;?;;;;
?;existiert nicht;existiert nicht;Jesus sagte: Bilder sind für Menschen sichtbar, aber das Licht, das in ihnen ist, ist verborgen im Bild des Vaters Lichts. Er wird sich offenbaren, aber sein Bild ist durch sein Licht verborgen. ;?;?;nicht in den nächsten wenigen Jahrtausenden;?;?;-;?;?;?;?;?;77;existiert bisher nicht;69;siehe oben;?;?;?;-;?;?;wahrscheinlich zurück Bemächtigen des Einzelnen;?;?;?;?;?;?;?;?;?;?;...-gramm;...-gon;;;;;?;?;?;?;?;?;?;;;;;;?;;;?;?;?;;;;
?;existiert nicht;existiert nicht;Jesus sagte: Wenn ihr eure Ebenbilder seht, werdet ihr glücklich sein. Doch wenn ihr eure Ebenbilder seht, die vor euch existierten, die nicht mehr sterben noch sich offenbaren können, wie viel werdet ihr dann ertragen? ;?;?;nicht in den nächsten wenigen Jahrtausenden;?;?;-;?;?;?;?;?;78;existiert bisher nicht;70;siehe oben;?;?;?;-;?;?;wahrscheinlich zurück Bemächtigen des Einzelnen;?;?;?;?;?;?;?;?;?;?;...-gramm;...-gon;;;;;?;?;?;?;?;?;?;;;;;;?;;;?;?;?;;;;
?;existiert nicht;existiert nicht;Jesus sagte: Adam ist aus einer großen Kraft und aus einem großen Reichtum hervorgekommen, aber er war eurer nicht würdig. Denn wenn er würdig gewesen wäre, hätte er nicht den Tod geschmeckt. ;?;?;nicht in den nächsten wenigen Jahrtausenden;?;?;-;?;?;?;?;?;79;existiert bisher nicht;71;siehe oben;?;?;?;-;?;?;wahrscheinlich zurück Bemächtigen des Einzelnen;?;?;?;?;?;?;?;?;?;?;...-gramm;...-gon;;;;;?;?;?;?;?;?;?;;;;;;?;;;?;?;?;;;;
?;existiert nicht;existiert nicht;Jesus sagte: Die Füchse haben Höhlen und die Vögel haben Nester, aber der Sohn des Menschen hat keinen Ort, wo er seinen Körper niederlegen und sich ausruhen kann. ;?;?;nicht in den nächsten wenigen Jahrtausenden;?;?;-;?;?;?;?;?;80;existiert bisher nicht;72;siehe oben;?;?;?;-;?;?;wahrscheinlich zurück Bemächtigen des Einzelnen;?;?;?;?;?;?;?;?;?;?;...-gramm;...-gon;;;;;?;?;?;?;?;?;?;;;;;;?;;;?;?;?;;;;
?;existiert nicht;existiert nicht;Jesus sagte: Wie elendig ist der Leib, der von einem Leib abhängig ist und wie elend ist die Seele, die von diesen beiden abhängt. ;?;?;nicht in den nächsten wenigen Jahrtausenden;?;die Abhängigkeit vom gleichen Geschlecht nutzen. Das Kind ist anhängig von deren Abhängigkeit. Damit erreicht man das unter Punkt 29.;-;?;?;?;?;?;81;existiert bisher nicht;73;siehe oben;?;?;?;-;?;?;wahrscheinlich zurück Bemächtigen des Einzelnen;?;?;?;?;?;?;?;?;?;?;...-gramm;...-gon;;;;;?;?;?;?;?;?;?;;;;;;?;;;?;?;?;;;;
?;existiert nicht;existiert nicht;Jesus sagte: Die Boten und Propheten werden zu euch kommen, und sie werden euch geben, was euch gehört. Und ihr werdet im Tausch das geben, was in euren Händen ist und sagt zu euch selbst: Wann werden sie kommen und sich nehmen, was ihnen gehört?;?;?;nicht in den nächsten wenigen Jahrtausenden;?;?;-;?;?;?;?;?;82;existiert bisher nicht;74;siehe oben;?;?;?;-;?;?;wahrscheinlich zurück Bemächtigen des Einzelnen;?;?;?;?;?;?;?;?;?;?;...-gramm;...-gon;;;;;?;?;?;?;?;?;?;;;;;;?;;;?;?;?;;;;
?;existiert nicht;existiert nicht;Jesus sagte: Warum wascht ihr das Äußere der Trinkschale? Versteht ihr nicht, dass der, der das Innere gemacht hat, der gleiche ist, der das Äußere gemacht hat? ;?;?;nicht in den nächsten wenigen Jahrtausenden;?;?;-;?;?;?;?;?;83;existiert bisher nicht;75;siehe oben;?;?;?;-;?;?;wahrscheinlich zurück Bemächtigen des Einzelnen;?;?;?;?;?;?;?;?;?;?;...-gramm;...-gon;;;;;?;?;?;?;?;?;?;;;;;;?;;;?;?;?;;;;
?;existiert nicht;existiert nicht;Jesus sagte: Kommt zu mir, denn mein Joch ist bequem und meine Herrschaft ist mild, und ihr werdet Ruhe für euch selbst finden. ;?;?;nicht in den nächsten wenigen Jahrtausenden;?;?;-;?;?;?;?;?;84;existiert bisher nicht;76;siehe oben;?;?;?;-;?;?;wahrscheinlich zurück Bemächtigen des Einzelnen;?;?;?;?;?;?;?;?;?;?;...-gramm;...-gon;;;;;?;?;?;?;?;?;?;;;;;;?;;;?;?;?;;;;
?;existiert nicht;existiert nicht;Sie sagten zu ihm: Sage uns, wer du bist, damit wir an dich glauben können. Er sagte zu ihnen: Ihr prüft das Gesicht des Himmels und der Erde, aber den, der vor euch ist, habt ihr nicht erkannt, und ihr wisst nicht, wie man den gegenwärtigen Moment prüft. ;?;?;nicht in den nächsten wenigen Jahrtausenden;?;?;-;?;?;?;?;?;85;existiert bisher nicht;77;siehe oben;?;?;?;-;?;?;wahrscheinlich zurück Bemächtigen des Einzelnen;?;?;?;?;?;?;?;?;?;?;...-gramm;...-gon;bringt das Gute des Schlechten;1. vergütet das Schlechte nicht, 2. hat keine Fähigkeit gut für das Schlechte zu sein, 3. keinen Nutzen durch die gute Absicht für das Schlechte, 4. keine gutartigen Handlungen für das Schlechte, 5. lässt das gute nich gelten für Schlechte, bzw. will keine Unvsehrtheit durch das Gute für das Schlechte, 6. das Gute hat keinen Wert bzw. will keinen Vorteil für das Schlechte, d.h. ggf. lieb, Modallogik mit 7 Sachen anstelle von 2: Möglichkeit;;;?;?;?;?;?;?;?;;;;;;?;;;?;?;?;;;;
?;existiert nicht;existiert nicht;Jesus sagte: Suchet und ihr werdet finden. In der Vergangenheit teilte ich euch nicht die Dinge mit, die ihr mich gefragt hattet. Jetzt gefällt es mir, es euch zu sagen, aber ihr fragt nicht mehr. ;?;?;nicht in den nächsten wenigen Jahrtausenden;?;?;-;?;?;?;?;?;86;existiert bisher nicht;78;siehe oben;?;?;?;-;?;?;wahrscheinlich zurück Bemächtigen des Einzelnen;?;?;?;?;?;?;?;?;?;?;...-gramm;...-gon;;;;;?;?;?;?;?;?;?;;;;;;?;;;?;?;?;;;;
?;existiert nicht;existiert nicht;Jesus sagte: Gebt den Hunden nicht das, was heilig ist, damit sie es nicht auf den Misthaufen werfen. Werft keine Perlen vor die Säue, oder sie werden drauf machen. ;?;?;nicht in den nächsten wenigen Jahrtausenden;?;?;-;?;?;?;?;?;87;existiert bisher nicht;79;siehe oben;?;?;?;-;?;?;wahrscheinlich zurück Bemächtigen des Einzelnen;?;?;?;?;?;?;?;?;?;?;...-gramm;...-gon;;;;;?;?;?;?;?;?;?;;;;;;?;;;?;?;?;;;;
?;existiert nicht;existiert nicht;Jesus: Wer suchet, der werde finden, und wer an das Innere anklopft, dem wird geöffnet werden. ;?;?;nicht in den nächsten wenigen Jahrtausenden;?;?;-;?;?;?;?;?;88;existiert bisher nicht;80;siehe oben;?;?;?;-;?;?;wahrscheinlich zurück Bemächtigen des Einzelnen;?;?;?;?;?;?;?;?;?;?;...-gramm;...-gon;;;;;?;?;?;?;?;?;?;;;;;;?;;;?;?;?;;;;
?;existiert nicht;existiert nicht;Jesus: Wenn ihr Geld habt, verleiht es nicht mit Zinsen, sondern gebt es denen, von denen ihr es nicht wiederbekommen werdet. ;?;?;nicht in den nächsten wenigen Jahrtausenden;?;?;-;?;?;?;?;?;89;existiert bisher nicht;81;siehe oben;?;?;?;-;?;?;wahrscheinlich zurück Bemächtigen des Einzelnen;?;?;?;?;?;?;?;?;?;?;...-gramm;...-gon;;;;;?;?;?;?;?;?;?;;;;;;?;;;?;?;?;;;;
?;existiert nicht;existiert nicht;Jesus: Des Vaters Königreich gleicht einer Frau. Sie nimmt etwas Sauerteig, versteckt es in Teig und macht daraus große Brote. Jeder, der zwei Ohren hier hat, möge besser zuhören. ;?;?;nicht in den nächsten wenigen Jahrtausenden;?;?;-;?;?;?;?;?;90;existiert bisher nicht;82;siehe oben;?;?;?;-;?;?;wahrscheinlich zurück Bemächtigen des Einzelnen;?;?;?;?;?;?;?;?;?;?;...-gramm;...-gon;;;;;?;?;?;?;?;?;?;;;;;;?;;;?;?;?;;;;
?;existiert nicht;existiert nicht;"
Jesus: Das Königreich des Vaters gleicht einer Frau, die einen Krug voller Nahrung mit sich trägt. Während sie eine lange Straße entlang ging, brach der Henkel des Kruges etwas und das Mahl verteilte sich auf der Straße. Sie bekam es nicht mit und somit besaß sie kein Problem. Als sie zu Hause ankam, stellte sie den Krug ab und erkannte, dass er leer war. ";?;?;nicht in den nächsten wenigen Jahrtausenden;?;?;-;?;?;?;?;?;91;existiert bisher nicht;83;siehe oben;?;?;?;-;?;?;wahrscheinlich zurück Bemächtigen des Einzelnen;?;?;?;?;?;?;?;?;?;?;...-gramm;...-gon;;;;;?;?;?;?;?;?;?;;;;;;?;;;?;?;?;;;;
?;existiert nicht;existiert nicht;Jesus sagte: Des Vaters Königreich gleicht einem Mann, der einen Mächtigen töten wollte. Er zog das Schwert in seinem Haus und durchstach die Mauer, um herauszufinden, ob seine Hand stark genug ist. Dann tötete er den Mächtigen.  In seinem Haus und durchstach die Mauer, um herauszufinden, ob seine Hand stark genug ist. Dann tötete er den Mächtigen. ;?;?;nicht in den nächsten wenigen Jahrtausenden;?;?;-;?;?;?;?;?;92;existiert bisher nicht;84;siehe oben;?;?;?;-;?;?;wahrscheinlich zurück Bemächtigen des Einzelnen;?;?;?;?;?;?;?;?;?;?;...-gramm;...-gon;;;;;?;?;?;?;?;?;?;;;;;;?;;;?;?;?;;;;
?;existiert nicht;existiert nicht;Die Jünger sagten zu ihm: Deine Brüder und deine Mutter stehen draußen. Er sagte zu ihnen: Diese hier, die den Willen meines Vaters tun, das sind meine Brüder und meine Mutter. Sie sind es, die in das Königreich meines Vaters eintreten werden. ;?;?;nicht in den nächsten wenigen Jahrtausenden;?;?;-;?;?;?;?;?;93;existiert bisher nicht;85;siehe oben;?;?;?;-;?;?;wahrscheinlich zurück Bemächtigen des Einzelnen;?;?;?;?;?;?;?;?;?;?;...-gramm;...-gon;;;;;?;?;?;?;?;?;?;;;;;;?;;;?;?;?;;;;
?;existiert nicht;existiert nicht;"Sie zeigten Jesus ein Goldstück und sagten zu ihm: Die Leute des Kaisers verlangen von uns Steuern. Er sagte zu ihnen: Gebt dem Kaiser, was des Kaisers ist; gebt Gott, was Gottes ist. Und was mein ist, gebt mir. ";?;?;nicht in den nächsten wenigen Jahrtausenden;?;?;-;Unterordnung;?;?;?;?;94;existiert bisher nicht;86;siehe oben;?;?;?;-;?;?;wahrscheinlich zurück Bemächtigen des Einzelnen;?;?;?;?;?;?;?;?;?;?;...-gramm;...-gon;;;;;?;?;?;?;?;?;?;;;;;;?;;;?;?;?;;;;
?;existiert nicht;existiert nicht;Jesus sagte: Wer seinen Vater und seine Mutter nicht hasst, so wie ich es auch tue, kann nicht mein Jünger werden und wer seinen Vater und seine Mutter wie ich liebt, wird nicht mein Jünger werden. Denn meine Mutter liebe ich nicht, sondern meine wahre Mutter, denn sie gab mir das Leben. ;?;?;nicht in den nächsten wenigen Jahrtausenden;?;?;-;?;?;?;?;?;95;existiert bisher nicht;87;siehe oben;?;?;?;-;?;?;vielleicht, dass man sich als Einzelner abschotten kann;?;?;?;?;?;?;?;?;?;?;...-gramm;...-gon;;;;;?;?;?;?;?;?;?;;;;;;?;;;?;?;?;;;;
?;existiert nicht;existiert nicht;Jesus sagte: Verdammt die Pharisäer! Sie gleichen einem Hund, der im Rindertrog liegt: er frisst nicht, noch lässt er die Rinder fressen. ;?;?;nicht in den nächsten wenigen Jahrtausenden;?;?;-;?;?;?;?;?;96;existiert bisher nicht;88;siehe oben;?;?;?;-;?;?;vielleicht, dass man sich als Einzelner abschotten kann;?;?;?;?;?;?;?;?;?;?;...-gramm;...-gon;;;;;?;?;?;?;?;?;?;;;;;;?;;;?;?;?;;;;
?;existiert nicht;existiert nicht;Jesus sagte: Lobet jene, die wissen, wo die Rebellen angreifen werden. Sie können kommen, eindringen und ihren königlichen Bestand mitnehmen, und seid gewappnet, bevor die Rebellen kommen. ;?;?;nicht in den nächsten wenigen Jahrtausenden;?;?;-;?;?;?;?;?;97;existiert bisher nicht;89;siehe oben;?;?;?;-;?;?;vielleicht, dass man sich als Einzelner abschotten kann;?;?;?;?;?;?;?;?;?;?;...-gramm;...-gon;;;;;?;?;?;?;?;?;?;;;;;;?;;;?;?;?;;;;
?;existiert nicht;existiert nicht;Sie sagten zu ihm: Komm, lass uns heute beten und fasten. Jesus sagte: Welche Sünde habe ich denn begangen oder habe ich etwas noch nicht vollendet? Doch wenn der Bräutigam die Brautkammer verlassen haben wird, dann lasst sie fasten und beten. ;?;?;nicht in den nächsten wenigen Jahrtausenden;?;?;-;?;?;?;?;?;98;existiert bisher nicht;90;siehe oben;?;?;?;-;?;?;vielleicht, dass man sich als Einzelner abschotten kann;?;?;?;?;?;?;?;?;?;?;...-gramm;...-gon;bringt den Besitzeswunsch des Schlechten, die Selbstgerechtigkeit zum Schlechten, den Gesellschaftszustand des Schlechten;1. beurteilt das Schlechte nicht, 2. hat keine Fähigkeit Besitz über das Schlechte zu ergreifen, bzw. schafft nicht das Schlechte, 3.  Nützt dem Besitz des Schlechten nicht, 2. Möglichkeit zum Lieben bzw. eigentlich keine Notwendigkeit zum Schlechten (Modallogik), 5.  die Gesellschaft des Schlechten gilt nicht, bzw. das Besitzergreifen vom Schlechten gilt nicht, 6. keine Musterung und keine Rechtmäßigkeit für das Schlechte, ggf. böse, Modallogik mit 8 Sachen anstelle von 2: Möglichkeit,  Notwendigkeit ;;;?;?;?;?;?;?;?;;;;;;?;;;?;?;?;;;;
?;existiert nicht;existiert nicht;Jesus sagte: Wer den Vater und die Mutter erkennt, wird Sohn einer Hure genannt werden. ;?;?;nicht in den nächsten wenigen Jahrtausenden;?;?;-;?;?;?;?;?;99;existiert bisher nicht;91;siehe oben;?;?;?;-;?;?;vielleicht, dass man sich als Einzelner abschotten kann;?;?;?;?;?;?;?;?;?;?;...-gramm;...-gon;;;;;?;?;?;?;?;?;?;;;;;;?;;;?;?;?;;;;
?;existiert nicht;existiert nicht;Jesus sagte: Wenn ihr die beiden (Selbste, Anm. d. Übers.) zu einem macht, werdet ihr Kinder Adams werden und wenn ihr sagt: Berg, gehe fort! wird er sich fortbewegen. ;?;?;nicht in den nächsten wenigen Jahrtausenden;?;?;-;?;?;?;?;?;100;existiert bisher nicht;92;siehe oben;?;?;?;-;?;?;vielleicht, dass man sich als Einzelner abschotten kann;?;?;?;?;?;?;?;?;?;?;...-gramm;...-gon;;;;;?;?;?;?;?;?;?;;;;;;?;;;?;?;?;;;;
?;existiert nicht;existiert nicht;Jesus sagte: Das Königreich gleicht einem Hirten, der hundert Schafe besaß. Eines, das das Größte war, verirrte sich. Er ließ die neunundneunzig allein und suchte das eine, bis er es gefunden hatte. Nachdem er so viel Mühe damit hatte, sagte er zu dem Schaf: Ich liebe dich mehr als die neunundneunzig. ;?;?;nicht in den nächsten wenigen Jahrtausenden;?;?;-;?;?;?;?;?;101;existiert bisher nicht;93;siehe oben;?;?;?;-;?;?;vielleicht, dass man sich als Einzelner abschotten kann;?;?;?;?;?;?;?;?;?;?;...-gramm;...-gon;;;;;?;?;?;?;?;?;?;;;;;;?;;;?;?;?;;;;
?;existiert nicht;existiert nicht;"Jesus sagte: Wer immer von meinem Mund trinkt, wird werden wie ich; und ich werde zu ihm werden und die verborgenen Dinge werden sich ihm offenbaren. ";?;?;nicht in den nächsten wenigen Jahrtausenden;?;?;-;?;?;?;?;?;102;existiert bisher nicht;94;siehe oben;?;?;?;-;?;?;vielleicht, dass man sich als Einzelner abschotten kann;?;?;?;?;?;?;?;?;?;?;...-gramm;...-gon;;;;;?;?;?;?;?;?;?;;;;;;?;;;?;?;?;;;;
?;existiert nicht;existiert nicht;Jesus sagte: Das Königreich gleicht einem Menschen, der in seinem Acker einen versteckten Schatz trug, aber von dem er nichts wusste. Nachdem er gestorben war, vererbte er es seinem Sohn. Dieser wusste davon nichts, nahm das Feld und verkaufte es. Und der, der es gekauft hatte, pflügte es und fand den Schatz. Er begann, Geld gegen Zinsen zu verleihen an die, die er wollte. ;?;?;nicht in den nächsten wenigen Jahrtausenden;?;?;-;?;?;?;?;?;103;existiert bisher nicht;95;siehe oben;?;?;?;-;?;?;vielleicht, dass man sich als Einzelner abschotten kann;?;?;?;?;?;?;?;?;?;?;...-gramm;...-gon;;;;;?;?;?;?;?;?;?;;;;;;?;;;?;?;?;;;;
?;existiert nicht;existiert nicht;Jesus sagte: Wer die Welt gefunden hat und Wohlstand erhielt, der soll der Welt abschwören. ;?;?;nicht in den nächsten wenigen Jahrtausenden;?;?;-;?;?;?;?;?;104;existiert bisher nicht;96;siehe oben;?;?;?;-;?;?;vielleicht, dass man sich als Einzelner abschotten kann;?;?;?;?;?;?;?;?;?;?;...-gramm;...-gon;;;;;?;?;?;?;?;?;?;;;;;;?;;;?;?;?;;;;
?;existiert nicht;existiert nicht;"Jesus sagte: Die Himmel und die Erde werden sich in eurer Gegenwart aufrollen und derjenige, der von den Lebendigen lebt, wird weder Tod noch Furcht sehen. Sagte nicht Jesus: Wer sich selbst findet, dessen ist die Welt nicht länger wü rdig.(im Sinne von: ""Wer sich selbst findet, der hat Besseres verdient als diese Welt."", Anm. d. Übers.) ";?;?;nicht in den nächsten wenigen Jahrtausenden;?;?;-;?;?;?;?;?;105;existiert bisher nicht;97;siehe oben;?;?;?;-;?;?;vielleicht, dass man sich als Einzelner abschotten kann;?;?;?;?;?;?;?;?;?;?;...-gramm;...-gon;;;;;?;?;?;?;?;?;?;;;;;;?;;;?;?;?;;;;
?;existiert nicht;existiert nicht;Jesus sagte: Verdammt das Fleisch, das von der Seele abhängig ist und verdammt die Seele, die vom Fleisch abhängig ist. ;?;?;nicht in den nächsten wenigen Jahrtausenden;?;?;-;?;?;?;?;?;106;existiert bisher nicht;98;siehe oben;?;?;?;-;?;?;vielleicht, dass man sich als Einzelner abschotten kann;?;?;?;?;?;?;?;?;?;?;...-gramm;...-gon;;;;;?;?;?;?;?;?;?;;;;;;?;;;?;?;?;;;;
?;existiert nicht;existiert nicht;Seine Jünger sagten zu ihm: Wann wird das Königreich kommen? Jesus sagte: Es wird nicht kommen, indem man darauf wartet. Man wird nicht sagen: Seht, hier ist es, oder: Seht, dort ist es, sondern das Königreich des Vaters ist ausgebreitet über die Erde und die Menschen sehen es nicht. ;?;?;nicht in den nächsten wenigen Jahrtausenden;?;?;-;?;?;?;?;?;107;existiert bisher nicht;99;siehe oben;?;?;?;-;?;?;vielleicht, dass man sich als Einzelner abschotten kann;?;?;?;?;?;?;?;?;?;?;...-gramm;...-gon;;;;;?;?;?;?;?;?;?;;;;;;?;;;?;?;?;;;;
?;existiert nicht;existiert nicht;Simon Petrus sagte zu ihnen: Maria soll aus unserer Mitte fortgehen, denn die Frauen sind des Lebens nicht würdig. Jesus sagte: Seht, ich werde sie führen, damit sie männlich werde und sie ein lebendiger Geist werden mag, vergleichbar mit euch Männern. Denn jede Frau, die sich männlich macht, wird in das Himmelreich gelangen. ;?;?;nicht in den nächsten wenigen Jahrtausenden;?;?;-;?;?;?;?;?;108;existiert bisher nicht;100;siehe oben;?;?;?;-;?;?;vielleicht, dass man sich als Einzelner abschotten kann;?;?;?;?;?;?;?;?;?;?;...-gramm;...-gon;;;;;?;?;?;?;?;?;?;;;;;;?;;;?;?;?;;;;
?;existiert nicht;existiert nicht;existiert nicht;?;?;nicht in den nächsten wenigen Jahrtausenden;?;?;-;?;?;?;?;?;109;existiert bisher nicht;101;siehe oben;?;?;?;-;?;?;vielleicht, dass man sich als Einzelner abschotten kann;?;?;?;?;?;?;?;?;?;?;...-gramm;...-gon;;;;;?;?;?;?;?;?;?;;;;;;?;;;?;?;?;;;;
?;existiert nicht;existiert nicht;existiert nicht;?;?;nicht in den nächsten wenigen Jahrtausenden;?;?;-;?;?;?;?;?;110;existiert bisher nicht;102;siehe oben;?;?;?;-;?;?;vielleicht, dass man sich als Einzelner abschotten kann;?;?;?;?;?;?;?;?;?;?;...-gramm;...-gon;;;;;?;?;?;?;?;?;?;;;;;;?;;;?;?;?;;;;
?;existiert nicht;existiert nicht;existiert nicht;?;?;nicht in den nächsten wenigen Jahrtausenden;?;?;-;?;?;?;?;?;111;existiert bisher nicht;103;siehe oben;?;?;?;-;?;?;vielleicht, dass man sich als Einzelner abschotten kann;?;?;?;?;?;?;?;?;?;?;...-gramm;...-gon;;;;;?;?;?;?;?;?;?;;;;;;?;;;?;?;?;;;;
?;existiert nicht;existiert nicht;existiert nicht;?;?;nicht in den nächsten wenigen Jahrtausenden;?;?;-;?;?;?;?;?;112;existiert bisher nicht;104;siehe oben;?;?;?;-;?;?;vielleicht, dass man sich als Einzelner abschotten kann;?;?;?;?;?;?;?;?;?;?;...-gramm;...-gon;;;;;?;?;?;?;?;?;?;;;;;;?;;;?;?;?;;;;
?;existiert nicht;existiert nicht;existiert nicht;?;?;nicht in den nächsten wenigen Jahrtausenden;?;?;-;?;?;?;?;?;113;existiert bisher nicht;105;siehe oben;?;?;?;-;?;?;vielleicht, dass man sich als Einzelner abschotten kann;?;?;?;?;?;?;?;?;?;?;...-gramm;...-gon;;;;;?;?;?;?;?;?;?;;;;;;?;;;?;?;?;;;;
?;existiert nicht;existiert nicht;existiert nicht;?;?;nicht in den nächsten wenigen Jahrtausenden;?;?;-;?;?;?;?;?;114;existiert bisher nicht;106;siehe oben;?;?;?;-;?;?;vielleicht, dass man sich als Einzelner abschotten kann;?;?;?;?;?;;?;?;?;?;...-gramm;...-gon;;;;;?;?;?;?;?;?;?;;;;;;?;;;?;?;?;;;;
