Sonne;;;schwarze Sonne;;
Sonne;;Planet;schwarze Sonne;;Ähnlichkeit zu allen Lebewesen
Sonne;;;schwarze Sonne;;Überleben
;Mond;Planet;schwarze Sonne;;
Sonne;;;schwarze Sonne;;Unversehrtheit
Sonne;;Planet;schwarze Sonne;;
Sonne;;;schwarze Sonne;Messias 1-n;Eignung als Anführer
;Mond;Planet;schwarze Sonne;;
;Mond;;schwarze Sonne;;
Sonne;;Planet;schwarze Sonne;;
Sonne;;;schwarze Sonne;;Verstehen
Sonne;;Planet;schwarze Sonne;;
Sonne;;;schwarze Sonne;;das Gegenteil
Sonne;;Planet;schwarze Sonne;;
Sonne;;;schwarze Sonne;;
;Mond;Planet;schwarze Sonne;;
Sonne;;;schwarze Sonne;;Nein
Sonne;;Planet;schwarze Sonne;;
Sonne;;;schwarze Sonne;;das Beste
Sonne;;Planet;schwarze Sonne;;
Sonne;;;schwarze Sonne;;
Sonne;;;schwarze Sonne;;
Sonne;;Planet;schwarze Sonne;;Das Nichts kann das Etwas zur Folge haben
Sonne;;;schwarze Sonne;;
;Mond;Planet;schwarze Sonne;;
Sonne;;;schwarze Sonne;;
Sonne;;Planet;schwarze Sonne;;
Sonne;;;schwarze Sonne;;
Sonne;;Planet;schwarze Sonne;;Effizienz und Effektivität
Sonne;;;schwarze Sonne;;
Sonne;;Planet;schwarze Sonne;;Viellleicht die Ablehnung des Höheren oder Übersinnlichen? Mh …
;Mond;;schwarze Sonne;;
Sonne;;Planet;schwarze Sonne;;
Sonne;;;schwarze Sonne;;
Sonne;;Planet;schwarze Sonne;;
;Mond;;schwarze Sonne;;
Sonne;;Planet;schwarze Sonne;;
Sonne;;;schwarze Sonne;;
Sonne;;Planet;schwarze Sonne;;
Sonne;;;schwarze Sonne;;
Sonne;;Planet;schwarze Sonne;;
Sonne;;;schwarze Sonne;;
Sonne;;;schwarze Sonne;;
Sonne;;Planet;schwarze Sonne;;
Sonne;;;schwarze Sonne;;
Sonne;;Planet;schwarze Sonne;;
Sonne;;;schwarze Sonne;;
Sonne;;Planet;schwarze Sonne;;
;Mond;;schwarze Sonne;;
Sonne;;Planet;schwarze Sonne;;
Sonne;;;schwarze Sonne;;
Sonne;;Planet;schwarze Sonne;;
Sonne;;;schwarze Sonne;;
Sonne;;Planet;schwarze Sonne;;
Sonne;;;schwarze Sonne;;
Sonne;;Planet;schwarze Sonne;;
Sonne;;;schwarze Sonne;;
Sonne;;Planet;schwarze Sonne;;
Sonne;;;schwarze Sonne;;
Sonne;;Planet;schwarze Sonne;;
Sonne;;;schwarze Sonne;;
Sonne;;Planet;schwarze Sonne;;
Sonne;;;schwarze Sonne;;
;Mond;;schwarze Sonne;;
Sonne;;Planet;schwarze Sonne;;
Sonne;;;schwarze Sonne;;
Sonne;;Planet;schwarze Sonne;;
Sonne;;;schwarze Sonne;;
Sonne;;Planet;schwarze Sonne;;
Sonne;;;schwarze Sonne;;
Sonne;;Planet;schwarze Sonne;;
Sonne;;;schwarze Sonne;;
Sonne;;Planet;schwarze Sonne;;
Sonne;;;schwarze Sonne;;
Sonne;;Planet;schwarze Sonne;;
Sonne;;;schwarze Sonne;;
Sonne;;Planet;schwarze Sonne;;
Sonne;;;schwarze Sonne;;
Sonne;;Planet;schwarze Sonne;;
Sonne;;;schwarze Sonne;;
;Mond;Planet;schwarze Sonne;;
Sonne;;;schwarze Sonne;;
Sonne;;Planet;schwarze Sonne;;
Sonne;;;schwarze Sonne;;
Sonne;;;schwarze Sonne;;
Sonne;;Planet;schwarze Sonne;;
Sonne;;;schwarze Sonne;;
Sonne;;Planet;schwarze Sonne;;
Sonne;;;schwarze Sonne;;
Sonne;;Planet;schwarze Sonne;;
Sonne;;;schwarze Sonne;;
Sonne;;Planet;schwarze Sonne;;
Sonne;;;schwarze Sonne;;
Sonne;;Planet;schwarze Sonne;;
Sonne;;;schwarze Sonne;;
Sonne;;Planet;schwarze Sonne;;
Sonne;;;schwarze Sonne;;
Sonne;;Planet;schwarze Sonne;;
Sonne;;;schwarze Sonne;;
Sonne;;Planet;schwarze Sonne;;
Sonne;;;schwarze Sonne;;
Sonne;;Planet;schwarze Sonne;;
Sonne;;;schwarze Sonne;;
Sonne;;Planet;schwarze Sonne;;
Sonne;;;schwarze Sonne;;
Sonne;;;schwarze Sonne;;
Sonne;;Planet;schwarze Sonne;;
Sonne;;;schwarze Sonne;;
Sonne;;Planet;schwarze Sonne;;
Sonne;;;schwarze Sonne;;
Sonne;;Planet;schwarze Sonne;;
Sonne;;;schwarze Sonne;;
Sonne;;Planet;schwarze Sonne;;
Sonne;;;schwarze Sonne;;
